observation_id,lot_id,product,value,exclude,exclusion_reason
o0000,R01,reference,99.4783,false,
o0001,R01,reference,98.9695,false,
o0002,R02,reference,102.2068,false,
o0003,R02,reference,102.6888,false,
o0004,R03,reference,102.2055,false,
o0005,R03,reference,101.6245,false,
o0006,R04,reference,101.5689,false,
o0007,R04,reference,101.2894,false,
o0008,R05,reference,96.3529,false,
o0009,R05,reference,96.7663,false,
o0010,R06,reference,99.7286,false,
o0011,R06,reference,99.3375,false,
o0012,R07,reference,99.9007,false,
o0013,R07,reference,99.8577,false,
o0014,R08,reference,102.5189,false,
o0015,R08,reference,102.0522,false,
o0016,R09,reference,100.6804,false,
o0017,R09,reference,100.3801,false,
o0018,R10,reference,101.6744,false,
o0019,R10,reference,101.7155,false,
o0020,T01,test,100.7804,false,
o0021,T01,test,101.8689,false,
o0022,T02,test,98.9708,false,
o0023,T02,test,99.2321,false,
o0024,T03,test,101.5039,false,
o0025,T03,test,101.7537,false,
o0026,T04,test,98.3305,false,
o0027,T04,test,99.1753,false,
o0028,T05,test,99.1298,false,
o0029,T05,test,100.0546,false,
o0030,T06,test,97.8247,false,
o0031,T06,test,98.1168,false,
