fit_group_id,sample_id,experiment_id,curve_id,sensor_id,cycle_id,time,time_unit,response,response_unit,concentration,concentration_unit,phase,association_start,dissociation_start
off_rate_screening,synthetic,E1,c0,surface1,0,0.0,s,0.19386836257320467,RU,1.0,nM,association,0,600
off_rate_screening,synthetic,E1,c0,surface1,0,20.0,s,1.3157011617206844,RU,1.0,nM,association,0,600
off_rate_screening,synthetic,E1,c0,surface1,0,40.0,s,3.1295253344572527,RU,1.0,nM,association,0,600
off_rate_screening,synthetic,E1,c0,surface1,0,60.0,s,4.463989005431365,RU,1.0,nM,association,0,600
off_rate_screening,synthetic,E1,c0,surface1,0,80.0,s,5.1561992682914255,RU,1.0,nM,association,0,600
off_rate_screening,synthetic,E1,c0,surface1,0,100.0,s,5.999141305895756,RU,1.0,nM,association,0,600
off_rate_screening,synthetic,E1,c0,surface1,0,120.0,s,6.789217844770354,RU,1.0,nM,association,0,600
off_rate_screening,synthetic,E1,c0,surface1,0,140.0,s,7.242698056176964,RU,1.0,nM,association,0,600
off_rate_screening,synthetic,E1,c0,surface1,0,160.0,s,7.543654975255793,RU,1.0,nM,association,0,600
off_rate_screening,synthetic,E1,c0,surface1,0,180.0,s,8.334173086081007,RU,1.0,nM,association,0,600
off_rate_screening,synthetic,E1,c0,surface1,0,200.0,s,7.903593946561848,RU,1.0,nM,association,0,600
off_rate_screening,synthetic,E1,c0,surface1,0,220.0,s,7.948906150463128,RU,1.0,nM,association,0,600
off_rate_screening,synthetic,E1,c0,surface1,0,240.0,s,8.424477490808815,RU,1.0,nM,association,0,600
off_rate_screening,synthetic,E1,c0,surface1,0,260.0,s,8.196136654492722,RU,1.0,nM,association,0,600
off_rate_screening,synthetic,E1,c0,surface1,0,280.0,s,8.174717887094651,RU,1.0,nM,association,0,600
off_rate_screening,synthetic,E1,c0,surface1,0,300.0,s,9.063796902540453,RU,1.0,nM,association,0,600
off_rate_screening,synthetic,E1,c0,surface1,0,320.0,s,8.930918290288924,RU,1.0,nM,association,0,600
off_rate_screening,synthetic,E1,c0,surface1,0,340.0,s,8.269715823735105,RU,1.0,nM,association,0,600
off_rate_screening,synthetic,E1,c0,surface1,0,360.0,s,9.021861641044138,RU,1.0,nM,association,0,600
off_rate_screening,synthetic,E1,c0,surface1,0,380.0,s,9.11424076901319,RU,1.0,nM,association,0,600
off_rate_screening,synthetic,E1,c0,surface1,0,400.0,s,8.744195777556758,RU,1.0,nM,association,0,600
off_rate_screening,synthetic,E1,c0,surface1,0,420.0,s,8.84221210331966,RU,1.0,nM,association,0,600
off_rate_screening,synthetic,E1,c0,surface1,0,440.0,s,9.187407301796554,RU,1.0,nM,association,0,600
off_rate_screening,synthetic,E1,c0,surface1,0,460.0,s,8.799358808102115,RU,1.0,nM,association,0,600
off_rate_screening,synthetic,E1,c0,surface1,0,480.0,s,9.197777416644994,RU,1.0,nM,association,0,600
off_rate_screening,synthetic,E1,c0,surface1,0,500.0,s,9.108946098097917,RU,1.0,nM,association,0,600
off_rate_screening,synthetic,E1,c0,surface1,0,520.0,s,8.79723981032022,RU,1.0,nM,association,0,600
off_rate_screening,synthetic,E1,c0,surface1,0,540.0,s,8.732983000511252,RU,1.0,nM,association,0,600
off_rate_screening,synthetic,E1,c0,surface1,0,560.0,s,8.66378557267546,RU,1.0,nM,association,0,600
off_rate_screening,synthetic,E1,c0,surface1,0,580.0,s,8.879674837668171,RU,1.0,nM,association,0,600
off_rate_screening,synthetic,E1,c0,surface1,0,600.0,s,8.83922529755242,RU,1.0,nM,dissociation,0,600
off_rate_screening,synthetic,E1,c0,surface1,0,620.0,s,6.811637375154717,RU,1.0,nM,dissociation,0,600
off_rate_screening,synthetic,E1,c0,surface1,0,640.0,s,5.671993544329915,RU,1.0,nM,dissociation,0,600
off_rate_screening,synthetic,E1,c0,surface1,0,660.0,s,4.886242302654901,RU,1.0,nM,dissociation,0,600
off_rate_screening,synthetic,E1,c0,surface1,0,680.0,s,3.8564792938221046,RU,1.0,nM,dissociation,0,600
off_rate_screening,synthetic,E1,c0,surface1,0,700.0,s,3.0171774902064303,RU,1.0,nM,dissociation,0,600
off_rate_screening,synthetic,E1,c0,surface1,0,720.0,s,2.391394314017891,RU,1.0,nM,dissociation,0,600
off_rate_screening,synthetic,E1,c0,surface1,0,740.0,s,2.3890967620901944,RU,1.0,nM,dissociation,0,600
off_rate_screening,synthetic,E1,c0,surface1,0,760.0,s,2.440857028692403,RU,1.0,nM,dissociation,0,600
off_rate_screening,synthetic,E1,c0,surface1,0,780.0,s,1.124693401899143,RU,1.0,nM,dissociation,0,600
off_rate_screening,synthetic,E1,c0,surface1,0,800.0,s,1.635093299639487,RU,1.0,nM,dissociation,0,600
off_rate_screening,synthetic,E1,c0,surface1,0,820.0,s,1.0186533412235386,RU,1.0,nM,dissociation,0,600
off_rate_screening,synthetic,E1,c0,surface1,0,840.0,s,1.1798160459759512,RU,1.0,nM,dissociation,0,600
off_rate_screening,synthetic,E1,c0,surface1,0,860.0,s,-0.10653295489946801,RU,1.0,nM,dissociation,0,600
off_rate_screening,synthetic,E1,c0,surface1,0,880.0,s,0.5144111037975113,RU,1.0,nM,dissociation,0,600
off_rate_screening,synthetic,E1,c0,surface1,0,900.0,s,0.26050993920640425,RU,1.0,nM,dissociation,0,600
off_rate_screening,synthetic,E1,c0,surface1,0,920.0,s,0.41112410988862064,RU,1.0,nM,dissociation,0,600
off_rate_screening,synthetic,E1,c0,surface1,0,940.0,s,0.3994795555642139,RU,1.0,nM,dissociation,0,600
off_rate_screening,synthetic,E1,c0,surface1,0,960.0,s,0.6321380517098104,RU,1.0,nM,dissociation,0,600
off_rate_screening,synthetic,E1,c0,surface1,0,980.0,s,0.45235514128056675,RU,1.0,nM,dissociation,0,600
off_rate_screening,synthetic,E1,c0,surface1,0,1000.0,s,0.4178474339156303,RU,1.0,nM,dissociation,0,600
off_rate_screening,synthetic,E1,c0,surface1,0,1020.0,s,0.25560638354097415,RU,1.0,nM,dissociation,0,600
off_rate_screening,synthetic,E1,c0,surface1,0,1040.0,s,0.11476525579147291,RU,1.0,nM,dissociation,0,600
off_rate_screening,synthetic,E1,c0,surface1,0,1060.0,s,-0.2525670557204259,RU,1.0,nM,dissociation,0,600
off_rate_screening,synthetic,E1,c0,surface1,0,1080.0,s,0.41313379684201657,RU,1.0,nM,dissociation,0,600
off_rate_screening,synthetic,E1,c0,surface1,0,1100.0,s,0.022171176684688758,RU,1.0,nM,dissociation,0,600
off_rate_screening,synthetic,E1,c0,surface1,0,1120.0,s,0.5205699206279883,RU,1.0,nM,dissociation,0,600
off_rate_screening,synthetic,E1,c0,surface1,0,1140.0,s,0.39297105952544764,RU,1.0,nM,dissociation,0,600
off_rate_screening,synthetic,E1,c0,surface1,0,1160.0,s,0.6859925005500204,RU,1.0,nM,dissociation,0,600
off_rate_screening,synthetic,E1,c0,surface1,0,1180.0,s,0.3464568554010651,RU,1.0,nM,dissociation,0,600
off_rate_screening,synthetic,E1,c0,surface1,0,1200.0,s,0.028422299325140277,RU,1.0,nM,dissociation,0,600
off_rate_screening,synthetic,E1,c1,surface1,1,0.0,s,0.027443215744192184,RU,10.0,nM,association,0,600
off_rate_screening,synthetic,E1,c1,surface1,1,20.0,s,16.730386157572937,RU,10.0,nM,association,0,600
off_rate_screening,synthetic,E1,c1,surface1,1,40.0,s,27.6230403918005,RU,10.0,nM,association,0,600
off_rate_screening,synthetic,E1,c1,surface1,1,60.0,s,35.83616680183076,RU,10.0,nM,association,0,600
off_rate_screening,synthetic,E1,c1,surface1,1,80.0,s,39.745904022781026,RU,10.0,nM,association,0,600
off_rate_screening,synthetic,E1,c1,surface1,1,100.0,s,43.494223595756175,RU,10.0,nM,association,0,600
off_rate_screening,synthetic,E1,c1,surface1,1,120.0,s,45.36350002286124,RU,10.0,nM,association,0,600
off_rate_screening,synthetic,E1,c1,surface1,1,140.0,s,46.967825608626605,RU,10.0,nM,association,0,600
off_rate_screening,synthetic,E1,c1,surface1,1,160.0,s,48.04651359349081,RU,10.0,nM,association,0,600
off_rate_screening,synthetic,E1,c1,surface1,1,180.0,s,48.6363699234355,RU,10.0,nM,association,0,600
off_rate_screening,synthetic,E1,c1,surface1,1,200.0,s,49.217583410394134,RU,10.0,nM,association,0,600
off_rate_screening,synthetic,E1,c1,surface1,1,220.0,s,49.12051681328735,RU,10.0,nM,association,0,600
off_rate_screening,synthetic,E1,c1,surface1,1,240.0,s,49.143840281526636,RU,10.0,nM,association,0,600
off_rate_screening,synthetic,E1,c1,surface1,1,260.0,s,48.972084015559105,RU,10.0,nM,association,0,600
off_rate_screening,synthetic,E1,c1,surface1,1,280.0,s,49.86820856978858,RU,10.0,nM,association,0,600
off_rate_screening,synthetic,E1,c1,surface1,1,300.0,s,50.178896160346284,RU,10.0,nM,association,0,600
off_rate_screening,synthetic,E1,c1,surface1,1,320.0,s,49.983102100748965,RU,10.0,nM,association,0,600
off_rate_screening,synthetic,E1,c1,surface1,1,340.0,s,50.12809992198255,RU,10.0,nM,association,0,600
off_rate_screening,synthetic,E1,c1,surface1,1,360.0,s,49.98743883967796,RU,10.0,nM,association,0,600
off_rate_screening,synthetic,E1,c1,surface1,1,380.0,s,50.49418935149394,RU,10.0,nM,association,0,600
off_rate_screening,synthetic,E1,c1,surface1,1,400.0,s,50.721059336436014,RU,10.0,nM,association,0,600
off_rate_screening,synthetic,E1,c1,surface1,1,420.0,s,49.97193245073124,RU,10.0,nM,association,0,600
off_rate_screening,synthetic,E1,c1,surface1,1,440.0,s,50.44399031427027,RU,10.0,nM,association,0,600
off_rate_screening,synthetic,E1,c1,surface1,1,460.0,s,49.443661800938344,RU,10.0,nM,association,0,600
off_rate_screening,synthetic,E1,c1,surface1,1,480.0,s,50.64011145858188,RU,10.0,nM,association,0,600
off_rate_screening,synthetic,E1,c1,surface1,1,500.0,s,49.86413826981585,RU,10.0,nM,association,0,600
off_rate_screening,synthetic,E1,c1,surface1,1,520.0,s,49.90531088167207,RU,10.0,nM,association,0,600
off_rate_screening,synthetic,E1,c1,surface1,1,540.0,s,49.869175992160315,RU,10.0,nM,association,0,600
off_rate_screening,synthetic,E1,c1,surface1,1,560.0,s,50.337927517536535,RU,10.0,nM,association,0,600
off_rate_screening,synthetic,E1,c1,surface1,1,580.0,s,49.93254332526179,RU,10.0,nM,association,0,600
off_rate_screening,synthetic,E1,c1,surface1,1,600.0,s,49.603850472171814,RU,10.0,nM,dissociation,0,600
off_rate_screening,synthetic,E1,c1,surface1,1,620.0,s,40.31976671905369,RU,10.0,nM,dissociation,0,600
off_rate_screening,synthetic,E1,c1,surface1,1,640.0,s,33.02763326373765,RU,10.0,nM,dissociation,0,600
off_rate_screening,synthetic,E1,c1,surface1,1,660.0,s,27.408148565089498,RU,10.0,nM,dissociation,0,600
off_rate_screening,synthetic,E1,c1,surface1,1,680.0,s,22.39345772444803,RU,10.0,nM,dissociation,0,600
off_rate_screening,synthetic,E1,c1,surface1,1,700.0,s,18.709190001874653,RU,10.0,nM,dissociation,0,600
off_rate_screening,synthetic,E1,c1,surface1,1,720.0,s,15.030857583844355,RU,10.0,nM,dissociation,0,600
off_rate_screening,synthetic,E1,c1,surface1,1,740.0,s,12.750826505440838,RU,10.0,nM,dissociation,0,600
off_rate_screening,synthetic,E1,c1,surface1,1,760.0,s,9.981191865628919,RU,10.0,nM,dissociation,0,600
off_rate_screening,synthetic,E1,c1,surface1,1,780.0,s,8.187666389909424,RU,10.0,nM,dissociation,0,600
off_rate_screening,synthetic,E1,c1,surface1,1,800.0,s,6.3262614349244295,RU,10.0,nM,dissociation,0,600
off_rate_screening,synthetic,E1,c1,surface1,1,820.0,s,5.238553843289561,RU,10.0,nM,dissociation,0,600
off_rate_screening,synthetic,E1,c1,surface1,1,840.0,s,4.655085037661262,RU,10.0,nM,dissociation,0,600
off_rate_screening,synthetic,E1,c1,surface1,1,860.0,s,3.7723760659081123,RU,10.0,nM,dissociation,0,600
off_rate_screening,synthetic,E1,c1,surface1,1,880.0,s,2.940381945787062,RU,10.0,nM,dissociation,0,600
off_rate_screening,synthetic,E1,c1,surface1,1,900.0,s,2.67271364585143,RU,10.0,nM,dissociation,0,600
off_rate_screening,synthetic,E1,c1,surface1,1,920.0,s,2.0429717535216487,RU,10.0,nM,dissociation,0,600
off_rate_screening,synthetic,E1,c1,surface1,1,940.0,s,1.7909181646207513,RU,10.0,nM,dissociation,0,600
off_rate_screening,synthetic,E1,c1,surface1,1,960.0,s,1.3258589680150916,RU,10.0,nM,dissociation,0,600
off_rate_screening,synthetic,E1,c1,surface1,1,980.0,s,0.6749051945718092,RU,10.0,nM,dissociation,0,600
off_rate_screening,synthetic,E1,c1,surface1,1,1000.0,s,0.8494629499199473,RU,10.0,nM,dissociation,0,600
off_rate_screening,synthetic,E1,c1,surface1,1,1020.0,s,1.0648882908834723,RU,10.0,nM,dissociation,0,600
off_rate_screening,synthetic,E1,c1,surface1,1,1040.0,s,0.5650336652360186,RU,10.0,nM,dissociation,0,600
off_rate_screening,synthetic,E1,c1,surface1,1,1060.0,s,0.8786261790201648,RU,10.0,nM,dissociation,0,600
off_rate_screening,synthetic,E1,c1,surface1,1,1080.0,s,0.5344607054274824,RU,10.0,nM,dissociation,0,600
off_rate_screening,synthetic,E1,c1,surface1,1,1100.0,s,0.4197093563377607,RU,10.0,nM,dissociation,0,600
off_rate_screening,synthetic,E1,c1,surface1,1,1120.0,s,0.21565135902015053,RU,10.0,nM,dissociation,0,600
off_rate_screening,synthetic,E1,c1,surface1,1,1140.0,s,0.02659471416472023,RU,10.0,nM,dissociation,0,600
off_rate_screening,synthetic,E1,c1,surface1,1,1160.0,s,0.03836116277556634,RU,10.0,nM,dissociation,0,600
off_rate_screening,synthetic,E1,c1,surface1,1,1180.0,s,0.5725153922248416,RU,10.0,nM,dissociation,0,600
off_rate_screening,synthetic,E1,c1,surface1,1,1200.0,s,0.24470611480446708,RU,10.0,nM,dissociation,0,600
off_rate_screening,synthetic,E1,c2,surface1,2,0.0,s,-0.35649268224229463,RU,100.0,nM,association,0,600
off_rate_screening,synthetic,E1,c2,surface1,2,20.0,s,81.13354887499064,RU,100.0,nM,association,0,600
off_rate_screening,synthetic,E1,c2,surface1,2,40.0,s,89.50616547773497,RU,100.0,nM,association,0,600
off_rate_screening,synthetic,E1,c2,surface1,2,60.0,s,90.74970632998082,RU,100.0,nM,association,0,600
off_rate_screening,synthetic,E1,c2,surface1,2,80.0,s,90.64648496327666,RU,100.0,nM,association,0,600
off_rate_screening,synthetic,E1,c2,surface1,2,100.0,s,91.44665694127096,RU,100.0,nM,association,0,600
off_rate_screening,synthetic,E1,c2,surface1,2,120.0,s,91.21457246006901,RU,100.0,nM,association,0,600
off_rate_screening,synthetic,E1,c2,surface1,2,140.0,s,90.85510820238109,RU,100.0,nM,association,0,600
off_rate_screening,synthetic,E1,c2,surface1,2,160.0,s,91.11300955389862,RU,100.0,nM,association,0,600
off_rate_screening,synthetic,E1,c2,surface1,2,180.0,s,90.49270624710152,RU,100.0,nM,association,0,600
off_rate_screening,synthetic,E1,c2,surface1,2,200.0,s,91.11914672315795,RU,100.0,nM,association,0,600
off_rate_screening,synthetic,E1,c2,surface1,2,220.0,s,90.47454042940956,RU,100.0,nM,association,0,600
off_rate_screening,synthetic,E1,c2,surface1,2,240.0,s,90.9488599470888,RU,100.0,nM,association,0,600
off_rate_screening,synthetic,E1,c2,surface1,2,260.0,s,91.20109313655655,RU,100.0,nM,association,0,600
off_rate_screening,synthetic,E1,c2,surface1,2,280.0,s,91.32744655610384,RU,100.0,nM,association,0,600
off_rate_screening,synthetic,E1,c2,surface1,2,300.0,s,91.00856119587338,RU,100.0,nM,association,0,600
off_rate_screening,synthetic,E1,c2,surface1,2,320.0,s,90.78397208962934,RU,100.0,nM,association,0,600
off_rate_screening,synthetic,E1,c2,surface1,2,340.0,s,90.38224473254414,RU,100.0,nM,association,0,600
off_rate_screening,synthetic,E1,c2,surface1,2,360.0,s,91.00961570065651,RU,100.0,nM,association,0,600
off_rate_screening,synthetic,E1,c2,surface1,2,380.0,s,90.89639060856766,RU,100.0,nM,association,0,600
off_rate_screening,synthetic,E1,c2,surface1,2,400.0,s,90.7593786902732,RU,100.0,nM,association,0,600
off_rate_screening,synthetic,E1,c2,surface1,2,420.0,s,91.18550513985429,RU,100.0,nM,association,0,600
off_rate_screening,synthetic,E1,c2,surface1,2,440.0,s,91.05188896804952,RU,100.0,nM,association,0,600
off_rate_screening,synthetic,E1,c2,surface1,2,460.0,s,90.93598319325545,RU,100.0,nM,association,0,600
off_rate_screening,synthetic,E1,c2,surface1,2,480.0,s,90.9952482681566,RU,100.0,nM,association,0,600
off_rate_screening,synthetic,E1,c2,surface1,2,500.0,s,90.95386374616456,RU,100.0,nM,association,0,600
off_rate_screening,synthetic,E1,c2,surface1,2,520.0,s,90.9859402649262,RU,100.0,nM,association,0,600
off_rate_screening,synthetic,E1,c2,surface1,2,540.0,s,90.59710637356186,RU,100.0,nM,association,0,600
off_rate_screening,synthetic,E1,c2,surface1,2,560.0,s,91.20427318792593,RU,100.0,nM,association,0,600
off_rate_screening,synthetic,E1,c2,surface1,2,580.0,s,91.09476170886879,RU,100.0,nM,association,0,600
off_rate_screening,synthetic,E1,c2,surface1,2,600.0,s,90.82440568531572,RU,100.0,nM,dissociation,0,600
off_rate_screening,synthetic,E1,c2,surface1,2,620.0,s,74.4488873777724,RU,100.0,nM,dissociation,0,600
off_rate_screening,synthetic,E1,c2,surface1,2,640.0,s,60.782470367026605,RU,100.0,nM,dissociation,0,600
off_rate_screening,synthetic,E1,c2,surface1,2,660.0,s,49.903943991642535,RU,100.0,nM,dissociation,0,600
off_rate_screening,synthetic,E1,c2,surface1,2,680.0,s,40.56357228146398,RU,100.0,nM,dissociation,0,600
off_rate_screening,synthetic,E1,c2,surface1,2,700.0,s,33.57538827334398,RU,100.0,nM,dissociation,0,600
off_rate_screening,synthetic,E1,c2,surface1,2,720.0,s,27.196015921549414,RU,100.0,nM,dissociation,0,600
off_rate_screening,synthetic,E1,c2,surface1,2,740.0,s,22.358692523077316,RU,100.0,nM,dissociation,0,600
off_rate_screening,synthetic,E1,c2,surface1,2,760.0,s,18.68366515404596,RU,100.0,nM,dissociation,0,600
off_rate_screening,synthetic,E1,c2,surface1,2,780.0,s,14.581364140569535,RU,100.0,nM,dissociation,0,600
off_rate_screening,synthetic,E1,c2,surface1,2,800.0,s,12.46688294062791,RU,100.0,nM,dissociation,0,600
off_rate_screening,synthetic,E1,c2,surface1,2,820.0,s,10.157647666414949,RU,100.0,nM,dissociation,0,600
off_rate_screening,synthetic,E1,c2,surface1,2,840.0,s,8.577063367093563,RU,100.0,nM,dissociation,0,600
off_rate_screening,synthetic,E1,c2,surface1,2,860.0,s,6.294062226506723,RU,100.0,nM,dissociation,0,600
off_rate_screening,synthetic,E1,c2,surface1,2,880.0,s,5.372952601907152,RU,100.0,nM,dissociation,0,600
off_rate_screening,synthetic,E1,c2,surface1,2,900.0,s,4.5638009429148525,RU,100.0,nM,dissociation,0,600
off_rate_screening,synthetic,E1,c2,surface1,2,920.0,s,3.380516017213425,RU,100.0,nM,dissociation,0,600
off_rate_screening,synthetic,E1,c2,surface1,2,940.0,s,3.2601705991241983,RU,100.0,nM,dissociation,0,600
off_rate_screening,synthetic,E1,c2,surface1,2,960.0,s,2.7200846575704634,RU,100.0,nM,dissociation,0,600
off_rate_screening,synthetic,E1,c2,surface1,2,980.0,s,2.0664436080983335,RU,100.0,nM,dissociation,0,600
off_rate_screening,synthetic,E1,c2,surface1,2,1000.0,s,1.7772681412683469,RU,100.0,nM,dissociation,0,600
off_rate_screening,synthetic,E1,c2,surface1,2,1020.0,s,0.9296883031140237,RU,100.0,nM,dissociation,0,600
off_rate_screening,synthetic,E1,c2,surface1,2,1040.0,s,0.8054159104209855,RU,100.0,nM,dissociation,0,600
off_rate_screening,synthetic,E1,c2,surface1,2,1060.0,s,0.48451873700271836,RU,100.0,nM,dissociation,0,600
off_rate_screening,synthetic,E1,c2,surface1,2,1080.0,s,1.037168581822595,RU,100.0,nM,dissociation,0,600
off_rate_screening,synthetic,E1,c2,surface1,2,1100.0,s,0.8393078653647039,RU,100.0,nM,dissociation,0,600
off_rate_screening,synthetic,E1,c2,surface1,2,1120.0,s,0.4916964805518425,RU,100.0,nM,dissociation,0,600
off_rate_screening,synthetic,E1,c2,surface1,2,1140.0,s,0.5178554008310562,RU,100.0,nM,dissociation,0,600
off_rate_screening,synthetic,E1,c2,surface1,2,1160.0,s,0.043815215559566856,RU,100.0,nM,dissociation,0,600
off_rate_screening,synthetic,E1,c2,surface1,2,1180.0,s,0.30982306223210904,RU,100.0,nM,dissociation,0,600
off_rate_screening,synthetic,E1,c2,surface1,2,1200.0,s,0.3058947238505615,RU,100.0,nM,dissociation,0,600
off_rate_screening,synthetic,E1,c3,surface1,3,0.0,s,-0.2653906795542894,RU,1000.0,nM,association,0,600
off_rate_screening,synthetic,E1,c3,surface1,3,20.0,s,99.00671454710692,RU,1000.0,nM,association,0,600
off_rate_screening,synthetic,E1,c3,surface1,3,40.0,s,99.00638393988774,RU,1000.0,nM,association,0,600
off_rate_screening,synthetic,E1,c3,surface1,3,60.0,s,98.79492003911294,RU,1000.0,nM,association,0,600
off_rate_screening,synthetic,E1,c3,surface1,3,80.0,s,98.89850471323632,RU,1000.0,nM,association,0,600
off_rate_screening,synthetic,E1,c3,surface1,3,100.0,s,99.22743059156507,RU,1000.0,nM,association,0,600
off_rate_screening,synthetic,E1,c3,surface1,3,120.0,s,98.95799951449361,RU,1000.0,nM,association,0,600
off_rate_screening,synthetic,E1,c3,surface1,3,140.0,s,98.99348887340166,RU,1000.0,nM,association,0,600
off_rate_screening,synthetic,E1,c3,surface1,3,160.0,s,99.41046613953301,RU,1000.0,nM,association,0,600
off_rate_screening,synthetic,E1,c3,surface1,3,180.0,s,98.97173761490589,RU,1000.0,nM,association,0,600
off_rate_screening,synthetic,E1,c3,surface1,3,200.0,s,99.05675095986346,RU,1000.0,nM,association,0,600
off_rate_screening,synthetic,E1,c3,surface1,3,220.0,s,98.7716032134105,RU,1000.0,nM,association,0,600
off_rate_screening,synthetic,E1,c3,surface1,3,240.0,s,99.22664609586535,RU,1000.0,nM,association,0,600
off_rate_screening,synthetic,E1,c3,surface1,3,260.0,s,98.56441765873045,RU,1000.0,nM,association,0,600
off_rate_screening,synthetic,E1,c3,surface1,3,280.0,s,98.55451177385802,RU,1000.0,nM,association,0,600
off_rate_screening,synthetic,E1,c3,surface1,3,300.0,s,98.70581856805754,RU,1000.0,nM,association,0,600
off_rate_screening,synthetic,E1,c3,surface1,3,320.0,s,98.50896467871569,RU,1000.0,nM,association,0,600
off_rate_screening,synthetic,E1,c3,surface1,3,340.0,s,99.41733931045147,RU,1000.0,nM,association,0,600
off_rate_screening,synthetic,E1,c3,surface1,3,360.0,s,98.9583310463149,RU,1000.0,nM,association,0,600
off_rate_screening,synthetic,E1,c3,surface1,3,380.0,s,99.35812459085757,RU,1000.0,nM,association,0,600
off_rate_screening,synthetic,E1,c3,surface1,3,400.0,s,98.63084925774062,RU,1000.0,nM,association,0,600
off_rate_screening,synthetic,E1,c3,surface1,3,420.0,s,98.63829644483282,RU,1000.0,nM,association,0,600
off_rate_screening,synthetic,E1,c3,surface1,3,440.0,s,99.00907127195893,RU,1000.0,nM,association,0,600
off_rate_screening,synthetic,E1,c3,surface1,3,460.0,s,99.01193158642121,RU,1000.0,nM,association,0,600
off_rate_screening,synthetic,E1,c3,surface1,3,480.0,s,98.71335433755678,RU,1000.0,nM,association,0,600
off_rate_screening,synthetic,E1,c3,surface1,3,500.0,s,98.51004323149684,RU,1000.0,nM,association,0,600
off_rate_screening,synthetic,E1,c3,surface1,3,520.0,s,98.92578538025347,RU,1000.0,nM,association,0,600
off_rate_screening,synthetic,E1,c3,surface1,3,540.0,s,99.17188529369473,RU,1000.0,nM,association,0,600
off_rate_screening,synthetic,E1,c3,surface1,3,560.0,s,98.9761143326591,RU,1000.0,nM,association,0,600
off_rate_screening,synthetic,E1,c3,surface1,3,580.0,s,99.14394278869781,RU,1000.0,nM,association,0,600
off_rate_screening,synthetic,E1,c3,surface1,3,600.0,s,99.03715522443098,RU,1000.0,nM,dissociation,0,600
off_rate_screening,synthetic,E1,c3,surface1,3,620.0,s,81.1457143483064,RU,1000.0,nM,dissociation,0,600
off_rate_screening,synthetic,E1,c3,surface1,3,640.0,s,66.50808612913609,RU,1000.0,nM,dissociation,0,600
off_rate_screening,synthetic,E1,c3,surface1,3,660.0,s,54.43088819439895,RU,1000.0,nM,dissociation,0,600
off_rate_screening,synthetic,E1,c3,surface1,3,680.0,s,44.204494610102586,RU,1000.0,nM,dissociation,0,600
off_rate_screening,synthetic,E1,c3,surface1,3,700.0,s,36.21832619304068,RU,1000.0,nM,dissociation,0,600
off_rate_screening,synthetic,E1,c3,surface1,3,720.0,s,29.84793715098826,RU,1000.0,nM,dissociation,0,600
off_rate_screening,synthetic,E1,c3,surface1,3,740.0,s,24.654341450765486,RU,1000.0,nM,dissociation,0,600
off_rate_screening,synthetic,E1,c3,surface1,3,760.0,s,20.049950925897967,RU,1000.0,nM,dissociation,0,600
off_rate_screening,synthetic,E1,c3,surface1,3,780.0,s,16.361694969691907,RU,1000.0,nM,dissociation,0,600
off_rate_screening,synthetic,E1,c3,surface1,3,800.0,s,13.659374878286041,RU,1000.0,nM,dissociation,0,600
off_rate_screening,synthetic,E1,c3,surface1,3,820.0,s,11.248699831660065,RU,1000.0,nM,dissociation,0,600
off_rate_screening,synthetic,E1,c3,surface1,3,840.0,s,9.013657910890958,RU,1000.0,nM,dissociation,0,600
off_rate_screening,synthetic,E1,c3,surface1,3,860.0,s,7.350657353169835,RU,1000.0,nM,dissociation,0,600
off_rate_screening,synthetic,E1,c3,surface1,3,880.0,s,5.481972244688155,RU,1000.0,nM,dissociation,0,600
off_rate_screening,synthetic,E1,c3,surface1,3,900.0,s,4.707165148387253,RU,1000.0,nM,dissociation,0,600
off_rate_screening,synthetic,E1,c3,surface1,3,920.0,s,4.243491368626233,RU,1000.0,nM,dissociation,0,600
off_rate_screening,synthetic,E1,c3,surface1,3,940.0,s,3.140741791513888,RU,1000.0,nM,dissociation,0,600
off_rate_screening,synthetic,E1,c3,surface1,3,960.0,s,2.7262290959535247,RU,1000.0,nM,dissociation,0,600
off_rate_screening,synthetic,E1,c3,surface1,3,980.0,s,1.7490501164759167,RU,1000.0,nM,dissociation,0,600
off_rate_screening,synthetic,E1,c3,surface1,3,1000.0,s,1.682659819075142,RU,1000.0,nM,dissociation,0,600
off_rate_screening,synthetic,E1,c3,surface1,3,1020.0,s,1.6559973727936916,RU,1000.0,nM,dissociation,0,600
off_rate_screening,synthetic,E1,c3,surface1,3,1040.0,s,1.4241661993480108,RU,1000.0,nM,dissociation,0,600
off_rate_screening,synthetic,E1,c3,surface1,3,1060.0,s,0.9133310435828224,RU,1000.0,nM,dissociation,0,600
off_rate_screening,synthetic,E1,c3,surface1,3,1080.0,s,0.8050893649399722,RU,1000.0,nM,dissociation,0,600
off_rate_screening,synthetic,E1,c3,surface1,3,1100.0,s,0.16236911786354746,RU,1000.0,nM,dissociation,0,600
off_rate_screening,synthetic,E1,c3,surface1,3,1120.0,s,0.5987993575485501,RU,1000.0,nM,dissociation,0,600
off_rate_screening,synthetic,E1,c3,surface1,3,1140.0,s,0.3554261880314838,RU,1000.0,nM,dissociation,0,600
off_rate_screening,synthetic,E1,c3,surface1,3,1160.0,s,0.32064402794971814,RU,1000.0,nM,dissociation,0,600
off_rate_screening,synthetic,E1,c3,surface1,3,1180.0,s,0.5133175298840734,RU,1000.0,nM,dissociation,0,600
off_rate_screening,synthetic,E1,c3,surface1,3,1200.0,s,0.5636804372917115,RU,1000.0,nM,dissociation,0,600
