unit_id,group,baseline_volume_mm3,body_weight_g,outcome
vehicle-1,vehicle,223.4,22.6,877.0
vehicle-2,vehicle,200.9,24.0,579.6
vehicle-3,vehicle,200.8,23.0,772.7
vehicle-4,vehicle,86.0,22.3,607.0
vehicle-5,vehicle,135.5,21.2,652.6
vehicle-6,vehicle,168.4,22.8,682.6
vehicle-7,vehicle,194.7,24.3,677.9
vehicle-8,vehicle,168.6,20.2,632.6
vehicle-9,vehicle,162.5,19.9,678.5
mAb-low-1,mAb-low,170.7,22.0,503.1
mAb-low-2,mAb-low,176.5,22.5,575.2
mAb-low-3,mAb-low,161.3,22.1,413.8
mAb-low-4,mAb-low,185.2,20.9,672.5
mAb-low-5,mAb-low,109.0,19.0,437.7
mAb-low-6,mAb-low,146.5,22.0,325.4
mAb-low-7,mAb-low,129.9,22.7,420.3
mAb-low-8,mAb-low,147.2,22.7,456.9
mAb-low-9,mAb-low,149.2,22.1,430.7
mAb-high-1,mAb-high,179.6,22.7,292.0
mAb-high-2,mAb-high,166.8,21.2,351.1
mAb-high-3,mAb-high,160.5,22.9,276.8
mAb-high-4,mAb-high,149.9,19.4,406.4
mAb-high-5,mAb-high,160.5,21.9,403.8
mAb-high-6,mAb-high,117.7,21.3,218.5
mAb-high-7,mAb-high,176.0,22.6,275.1
mAb-high-8,mAb-high,122.8,23.4,219.3
mAb-high-9,mAb-high,169.6,19.4,327.1
