subject_id,arm,time,event,baseline_tumor_volume
vehicle-m01,vehicle,25.6,1,165.9
vehicle-m02,vehicle,4.3,1,155.8
vehicle-m03,vehicle,15.4,1,135.3
vehicle-m04,vehicle,22.8,1,170.1
vehicle-m05,vehicle,20.3,1,129.9
vehicle-m06,vehicle,41.5,1,149.6
vehicle-m07,vehicle,7.6,1,158.6
vehicle-m08,vehicle,16.4,1,159.5
vehicle-m09,vehicle,10.9,1,168.6
vehicle-m10,vehicle,4.4,1,148.8
mAb-low-m01,mAb-low,60.0,0,156.0
mAb-low-m02,mAb-low,25.0,1,144.6
mAb-low-m03,mAb-low,1.1,1,187.7
mAb-low-m04,mAb-low,43.8,1,186.6
mAb-low-m05,mAb-low,28.0,1,160.3
mAb-low-m06,mAb-low,6.3,1,182.7
mAb-low-m07,mAb-low,37.4,1,173.1
mAb-low-m08,mAb-low,10.0,1,118.6
mAb-low-m09,mAb-low,19.3,1,181.1
mAb-low-m10,mAb-low,60.0,0,144.6
mAb-high-m01,mAb-high,39.5,1,167.1
mAb-high-m02,mAb-high,60.0,0,180.8
mAb-high-m03,mAb-high,60.0,0,76.1
mAb-high-m04,mAb-high,37.7,1,178.1
mAb-high-m05,mAb-high,8.8,1,112.6
mAb-high-m06,mAb-high,33.0,0,166.3
mAb-high-m07,mAb-high,60.0,0,113.8
mAb-high-m08,mAb-high,41.3,1,152.1
mAb-high-m09,mAb-high,7.7,1,163.7
mAb-high-m10,mAb-high,60.0,0,105.6
