sample_id,experiment_id,curve_id,concentration,concentration_unit,response,response_unit
mAb,E1,icx,0.001,nM,110.42813660374091,AU
mAb,E1,icx,0.001,nM,108.55696616302781,AU
mAb,E1,icx,0.001,nM,110.13326441884867,AU
mAb,E1,icx,0.003511191734215131,nM,109.38153957946471,AU
mAb,E1,icx,0.003511191734215131,nM,112.39888171854916,AU
mAb,E1,icx,0.003511191734215131,nM,109.4689029477456,AU
mAb,E1,icx,0.012328467394420659,nM,106.72999608715777,AU
mAb,E1,icx,0.012328467394420659,nM,111.15448130297302,AU
mAb,E1,icx,0.012328467394420659,nM,112.21820983847917,AU
mAb,E1,icx,0.04328761281083057,nM,107.93476499743932,AU
mAb,E1,icx,0.04328761281083057,nM,109.62434250701763,AU
mAb,E1,icx,0.04328761281083057,nM,103.88556691402977,AU
mAb,E1,icx,0.1519911082952933,nM,97.25490149927536,AU
mAb,E1,icx,0.1519911082952933,nM,98.81700836150337,AU
mAb,E1,icx,0.1519911082952933,nM,101.30712119400715,AU
mAb,E1,icx,0.5336699231206307,nM,76.32322070877359,AU
mAb,E1,icx,0.5336699231206307,nM,77.3082437282944,AU
mAb,E1,icx,0.5336699231206307,nM,75.23117549001482,AU
mAb,E1,icx,1.873817422860383,nM,42.197212191063905,AU
mAb,E1,icx,1.873817422860383,nM,38.32991374117904,AU
mAb,E1,icx,1.873817422860383,nM,40.96094431627739,AU
mAb,E1,icx,6.579332246575675,nM,17.04987819633468,AU
mAb,E1,icx,6.579332246575675,nM,21.101885462447154,AU
mAb,E1,icx,6.579332246575675,nM,19.95354786908691,AU
mAb,E1,icx,23.10129700083158,nM,12.856370138528732,AU
mAb,E1,icx,23.10129700083158,nM,11.839452778439071,AU
mAb,E1,icx,23.10129700083158,nM,13.194878481155994,AU
mAb,E1,icx,81.11308307896856,nM,11.780862326338431,AU
mAb,E1,icx,81.11308307896856,nM,10.367328574113026,AU
mAb,E1,icx,81.11308307896856,nM,11.979960126960403,AU
mAb,E1,icx,284.8035868435799,nM,12.485828306559338,AU
mAb,E1,icx,284.8035868435799,nM,11.212295506618682,AU
mAb,E1,icx,284.8035868435799,nM,9.042910252300803,AU
mAb,E1,icx,1000.0,nM,10.852402542143647,AU
mAb,E1,icx,1000.0,nM,10.200629877543387,AU
mAb,E1,icx,1000.0,nM,10.047360637319851,AU
