observation_id,independent_unit_id,group,outcome,unit,value
A-0,0,A,response,AU,92.02969597510719
A-1,1,A,response,AU,121.91349117962571
A-2,2,A,response,AU,89.85518596764909
A-3,3,A,response,AU,92.74370141152816
A-4,4,A,response,AU,106.07893440921619
A-5,5,A,response,AU,100.86169897372527
A-6,6,A,response,AU,97.42251388180328
A-7,7,A,response,AU,100.44284600986597
A-8,8,A,response,AU,97.95284149239652
A-9,9,A,response,AU,94.60302443049916
A-10,10,A,response,AU,98.3854910784678
A-11,11,A,response,AU,105.31378613564165
