sample_id,experiment_id,curve_id,fit_group_id,observation_id,concentration_M,response,response_unit,exclude,constant_species_M,concentration,concentration_unit,constant_species_source
S,E,C0,G,0-0,0.0,110.63627156663705,AU,False,1e-10,0.0,M,Synthetic known active sites
S,E,C0,G,0-1,1e-12,110.11399288360231,AU,False,1e-10,1e-12,M,Synthetic known active sites
S,E,C0,G,0-2,1.4873521072935119e-12,109.41644331073762,AU,False,1e-10,1.4873521072935119e-12,M,Synthetic known active sites
S,E,C0,G,0-3,2.2122162910704503e-12,110.88495890011761,AU,False,1e-10,2.2122162910704503e-12,M,Synthetic known active sites
S,E,C0,G,0-4,3.290344562312671e-12,109.69519046178479,AU,False,1e-10,3.290344562312671e-12,M,Synthetic known active sites
S,E,C0,G,0-5,4.893900918477499e-12,109.14062005923299,AU,False,1e-10,4.893900918477499e-12,M,Synthetic known active sites
S,E,C0,G,0-6,7.278953843983161e-12,107.01831754619157,AU,False,1e-10,7.278953843983161e-12,M,Synthetic known active sites
S,E,C0,G,0-7,1.0826367338740563e-11,109.57554758276473,AU,False,1e-10,1.0826367338740563e-11,M,Synthetic known active sites
S,E,C0,G,0-8,1.6102620275609425e-11,107.63056321478307,AU,False,1e-10,1.6102620275609425e-11,M,Synthetic known active sites
S,E,C0,G,0-9,2.395026619987491e-11,107.30221514842314,AU,False,1e-10,2.395026619987491e-11,M,Synthetic known active sites
S,E,C0,G,0-10,3.5622478902624517e-11,107.9421067978878,AU,False,1e-10,3.5622478902624517e-11,M,Synthetic known active sites
S,E,C0,G,0-11,5.298316906283702e-11,105.18532063347843,AU,False,1e-10,5.298316906283702e-11,M,Synthetic known active sites
S,E,C0,G,0-12,7.880462815669904e-11,104.1256539363152,AU,False,1e-10,7.880462815669904e-11,M,Synthetic known active sites
S,E,C0,G,0-13,1.1721022975334794e-10,101.27382599525308,AU,False,1e-10,1.1721022975334794e-10,M,Synthetic known active sites
S,E,C0,G,0-14,1.7433288221999872e-10,96.459683749571,AU,False,1e-10,1.7433288221999872e-10,M,Synthetic known active sites
S,E,C0,G,0-15,2.592943797404667e-10,89.9607321041577,AU,False,1e-10,2.592943797404667e-10,M,Synthetic known active sites
S,E,C0,G,0-16,3.856620421163472e-10,83.69815507760983,AU,False,1e-10,3.856620421163472e-10,M,Synthetic known active sites
S,E,C0,G,0-17,5.736152510448681e-10,73.83120225196106,AU,False,1e-10,5.736152510448681e-10,M,Synthetic known active sites
S,E,C0,G,0-18,8.531678524172814e-10,65.6908440673816,AU,False,1e-10,8.531678524172814e-10,M,Synthetic known active sites
S,E,C0,G,0-19,1.2689610031679233e-09,53.42840911084699,AU,False,1e-10,1.2689610031679233e-09,M,Synthetic known active sites
S,E,C0,G,0-20,1.8873918221350994e-09,46.87176767654887,AU,False,1e-10,1.8873918221350994e-09,M,Synthetic known active sites
S,E,C0,G,0-21,2.8072162039411812e-09,37.27070445263011,AU,False,1e-10,2.8072162039411812e-09,M,Synthetic known active sites
S,E,C0,G,0-22,4.175318936560409e-09,29.871268586185813,AU,False,1e-10,4.175318936560409e-09,M,Synthetic known active sites
S,E,C0,G,0-23,6.210169418915603e-09,22.986646245059603,AU,False,1e-10,6.210169418915603e-09,M,Synthetic known active sites
S,E,C0,G,0-24,9.236708571873846e-09,20.011747842642944,AU,False,1e-10,9.236708571873846e-09,M,Synthetic known active sites
S,E,C0,G,0-25,1.3738237958832637e-08,16.020317168272037,AU,False,1e-10,1.3738237958832637e-08,M,Synthetic known active sites
S,E,C0,G,0-26,2.0433597178569438e-08,14.440127128345802,AU,False,1e-10,2.0433597178569438e-08,M,Synthetic known active sites
S,E,C0,G,0-27,3.0391953823132013e-08,14.575270739286172,AU,False,1e-10,3.0391953823132013e-08,M,Synthetic known active sites
S,E,C0,G,0-28,4.52035365636025e-08,13.064323588826745,AU,False,1e-10,4.52035365636025e-08,M,Synthetic known active sites
S,E,C0,G,0-29,6.723357536499335e-08,11.024415558100962,AU,False,1e-10,6.723357536499335e-08,M,Synthetic known active sites
S,E,C0,G,0-30,1e-07,12.510206986458066,AU,False,1e-10,1e-07,M,Synthetic known active sites
S,E,C1,G,1-0,0.0,109.75335719339868,AU,False,1e-08,0.0,M,Synthetic known active sites
S,E,C1,G,1-1,1e-12,109.56554363693645,AU,False,1e-08,1e-12,M,Synthetic known active sites
S,E,C1,G,1-2,1.4873521072935119e-12,109.35915354080043,AU,False,1e-08,1.4873521072935119e-12,M,Synthetic known active sites
S,E,C1,G,1-3,2.2122162910704503e-12,109.89828557867361,AU,False,1e-08,2.2122162910704503e-12,M,Synthetic known active sites
S,E,C1,G,1-4,3.290344562312671e-12,110.25944806854926,AU,False,1e-08,3.290344562312671e-12,M,Synthetic known active sites
S,E,C1,G,1-5,4.893900918477499e-12,110.41058047297179,AU,False,1e-08,4.893900918477499e-12,M,Synthetic known active sites
S,E,C1,G,1-6,7.278953843983161e-12,109.74000239993163,AU,False,1e-08,7.278953843983161e-12,M,Synthetic known active sites
S,E,C1,G,1-7,1.0826367338740563e-11,110.81508948638397,AU,False,1e-08,1.0826367338740563e-11,M,Synthetic known active sites
S,E,C1,G,1-8,1.6102620275609425e-11,108.97312968758803,AU,False,1e-08,1.6102620275609425e-11,M,Synthetic known active sites
S,E,C1,G,1-9,2.395026619987491e-11,110.45737132780143,AU,False,1e-08,2.395026619987491e-11,M,Synthetic known active sites
S,E,C1,G,1-10,3.5622478902624517e-11,108.969425547668,AU,False,1e-08,3.5622478902624517e-11,M,Synthetic known active sites
S,E,C1,G,1-11,5.298316906283702e-11,109.94663904285025,AU,False,1e-08,5.298316906283702e-11,M,Synthetic known active sites
S,E,C1,G,1-12,7.880462815669904e-11,106.93103281171777,AU,False,1e-08,7.880462815669904e-11,M,Synthetic known active sites
S,E,C1,G,1-13,1.1721022975334794e-10,109.61530522710119,AU,False,1e-08,1.1721022975334794e-10,M,Synthetic known active sites
S,E,C1,G,1-14,1.7433288221999872e-10,108.121489294269,AU,False,1e-08,1.7433288221999872e-10,M,Synthetic known active sites
S,E,C1,G,1-15,2.592943797404667e-10,107.40113278929326,AU,False,1e-08,2.592943797404667e-10,M,Synthetic known active sites
S,E,C1,G,1-16,3.856620421163472e-10,105.97880252631172,AU,False,1e-08,3.856620421163472e-10,M,Synthetic known active sites
S,E,C1,G,1-17,5.736152510448681e-10,104.93901896423179,AU,False,1e-08,5.736152510448681e-10,M,Synthetic known active sites
S,E,C1,G,1-18,8.531678524172814e-10,103.95803343334073,AU,False,1e-08,8.531678524172814e-10,M,Synthetic known active sites
S,E,C1,G,1-19,1.2689610031679233e-09,98.30716452954144,AU,False,1e-08,1.2689610031679233e-09,M,Synthetic known active sites
S,E,C1,G,1-20,1.8873918221350994e-09,92.28234678056597,AU,False,1e-08,1.8873918221350994e-09,M,Synthetic known active sites
S,E,C1,G,1-21,2.8072162039411812e-09,84.30556179890368,AU,False,1e-08,2.8072162039411812e-09,M,Synthetic known active sites
S,E,C1,G,1-22,4.175318936560409e-09,73.73873400204609,AU,False,1e-08,4.175318936560409e-09,M,Synthetic known active sites
S,E,C1,G,1-23,6.210169418915603e-09,57.2699274857994,AU,False,1e-08,6.210169418915603e-09,M,Synthetic known active sites
S,E,C1,G,1-24,9.236708571873846e-09,40.39879930633904,AU,False,1e-08,9.236708571873846e-09,M,Synthetic known active sites
S,E,C1,G,1-25,1.3738237958832637e-08,24.62805955248057,AU,False,1e-08,1.3738237958832637e-08,M,Synthetic known active sites
S,E,C1,G,1-26,2.0433597178569438e-08,17.340288012164155,AU,False,1e-08,2.0433597178569438e-08,M,Synthetic known active sites
S,E,C1,G,1-27,3.0391953823132013e-08,15.768440582222219,AU,False,1e-08,3.0391953823132013e-08,M,Synthetic known active sites
S,E,C1,G,1-28,4.52035365636025e-08,13.854894324875485,AU,False,1e-08,4.52035365636025e-08,M,Synthetic known active sites
S,E,C1,G,1-29,6.723357536499335e-08,11.564570399183587,AU,False,1e-08,6.723357536499335e-08,M,Synthetic known active sites
S,E,C1,G,1-30,1e-07,11.442001114310383,AU,False,1e-08,1e-07,M,Synthetic known active sites
