sample_id,experiment_id,curve_id,fit_group_id,observation_id,concentration_M,response,response_unit,exclude,constant_species_M,concentration,concentration_unit
S,E,C0,G,0-0,0.0,10.636271566637049,AU,False,1e-09,0.0,M
S,E,C0,G,0-1,1e-12,10.304726898977819,AU,False,1e-09,1e-12,M
S,E,C0,G,0-2,1.4873521072935119e-12,9.700077518503484,AU,False,1e-09,1.4873521072935119e-12,M
S,E,C0,G,0-3,2.2122162910704503e-12,11.306702529626277,AU,False,1e-09,2.2122162910704503e-12,M
S,E,C0,G,0-4,3.290344562312671e-12,10.32220594767817,AU,False,1e-09,3.290344562312671e-12,M
S,E,C0,G,0-5,4.893900918477499e-12,10.072626044081115,AU,False,1e-09,4.893900918477499e-12,M
S,E,C0,G,0-6,7.278953843983161e-12,8.403244264157363,AU,False,1e-09,7.278953843983161e-12,M
S,E,C0,G,0-7,1.0826367338740563e-11,11.63257039817498,AU,False,1e-09,1.0826367338740563e-11,M
S,E,C0,G,0-8,1.6102620275609425e-11,10.683814615711055,AU,False,1e-09,1.6102620275609425e-11,M
S,E,C0,G,0-9,2.395026619987491e-11,11.829746806971619,AU,False,1e-09,2.395026619987491e-11,M
S,E,C0,G,0-10,3.5622478902624517e-11,14.6462016186188,AU,False,1e-09,3.5622478902624517e-11,M
S,E,C0,G,0-11,5.298316906283702e-11,15.091823069338194,AU,False,1e-09,5.298316906283702e-11,M
S,E,C0,G,0-12,7.880462815669904e-11,18.72105106284715,AU,False,1e-09,7.880462815669904e-11,M
S,E,C0,G,0-13,1.1721022975334794e-10,22.688412677200258,AU,False,1e-09,1.1721022975334794e-10,M
S,E,C0,G,0-14,1.7433288221999872e-10,27.70231653264538,AU,False,1e-09,1.7433288221999872e-10,M
S,E,C0,G,0-15,2.592943797404667e-10,35.206373961993954,AU,False,1e-09,2.592943797404667e-10,M
S,E,C0,G,0-16,3.856620421163472e-10,48.63084178451175,AU,False,1e-09,3.856620421163472e-10,M
S,E,C0,G,0-17,5.736152510448681e-10,66.06516154723958,AU,False,1e-09,5.736152510448681e-10,M
S,E,C0,G,0-18,8.531678524172814e-10,95.15587430918801,AU,False,1e-09,8.531678524172814e-10,M
S,E,C0,G,0-19,1.2689610031679233e-09,107.8983761214014,AU,False,1e-09,1.2689610031679233e-09,M
S,E,C0,G,0-20,1.8873918221350994e-09,111.33374729724417,AU,False,1e-09,1.8873918221350994e-09,M
S,E,C0,G,0-21,2.8072162039411812e-09,110.43446586323638,AU,False,1e-09,2.8072162039411812e-09,M
S,E,C0,G,0-22,4.175318936560409e-09,110.21249620385771,AU,False,1e-09,4.175318936560409e-09,M
S,E,C0,G,0-23,6.210169418915603e-09,108.93080559614565,AU,False,1e-09,6.210169418915603e-09,M
S,E,C0,G,0-24,9.236708571873846e-09,110.14405577271559,AU,False,1e-09,9.236708571873846e-09,M
S,E,C0,G,0-25,1.3738237958832637e-08,109.18422928412829,AU,False,1e-09,1.3738237958832637e-08,M
S,E,C0,G,0-26,2.0433597178569438e-08,109.74856912979584,AU,False,1e-09,2.0433597178569438e-08,M
S,E,C0,G,0-27,3.0391953823132013e-08,111.37648517608324,AU,False,1e-09,3.0391953823132013e-08,M
S,E,C0,G,0-28,4.52035365636025e-08,110.893132415784,AU,False,1e-09,4.52035365636025e-08,M
S,E,C0,G,0-29,6.723357536499335e-08,109.55523223024383,AU,False,1e-09,6.723357536499335e-08,M
S,E,C0,G,0-30,1e-07,111.5181263528483,AU,False,1e-09,1e-07,M
