observation_id,independent_unit_id,group,arm,value,outcome,unit,race_black,race_white,sex_female
1,PT1,VIS2,TRT,39.9710497720302,FEV1,source_unit,1,0,1
2,PT1,VIS4,TRT,20.4837899973602,FEV1,source_unit,1,0,1
3,PT2,VIS2,PBO,31.4552188616585,FEV1,source_unit,0,0,0
4,PT2,VIS3,PBO,36.8788934597665,FEV1,source_unit,0,0,0
5,PT2,VIS4,PBO,48.8080946471004,FEV1,source_unit,0,0,0
6,PT3,VIS2,PBO,35.9869916369173,FEV1,source_unit,1,0,1
7,PT3,VIS4,PBO,37.1644387171182,FEV1,source_unit,1,0,1
8,PT4,VIS1,TRT,33.8922914377926,FEV1,source_unit,0,0,1
9,PT4,VIS2,TRT,33.746374757941,FEV1,source_unit,0,0,1
10,PT4,VIS4,TRT,54.4505475281509,FEV1,source_unit,0,0,1
11,PT5,VIS1,PBO,32.3138595541165,FEV1,source_unit,1,0,0
12,PT5,VIS3,PBO,46.7936140590058,FEV1,source_unit,1,0,0
13,PT5,VIS4,PBO,41.7115376128577,FEV1,source_unit,1,0,0
14,PT6,VIS3,PBO,39.0242262142571,FEV1,source_unit,1,0,0
15,PT7,VIS1,PBO,31.9305016359161,FEV1,source_unit,0,0,1
16,PT7,VIS2,PBO,32.9094717192787,FEV1,source_unit,0,0,1
17,PT7,VIS4,PBO,48.2803116100662,FEV1,source_unit,0,0,1
18,PT8,VIS1,PBO,32.2302112132612,FEV1,source_unit,1,0,0
19,PT8,VIS2,PBO,35.9107993017427,FEV1,source_unit,1,0,0
20,PT8,VIS3,PBO,45.5489759570205,FEV1,source_unit,1,0,0
21,PT8,VIS4,PBO,53.0287682279855,FEV1,source_unit,1,0,0
22,PT9,VIS1,TRT,47.1689802205417,FEV1,source_unit,0,1,0
23,PT9,VIS2,TRT,46.6428670106981,FEV1,source_unit,0,1,0
24,PT9,VIS4,TRT,58.0971322316289,FEV1,source_unit,0,1,0
25,PT10,VIS3,PBO,44.9761319839877,FEV1,source_unit,1,0,1
26,PT11,VIS1,TRT,44.3275478220919,FEV1,source_unit,0,0,1
27,PT11,VIS2,TRT,38.9781271232319,FEV1,source_unit,0,0,1
28,PT11,VIS3,TRT,43.7286238227296,FEV1,source_unit,0,0,1
29,PT11,VIS4,TRT,46.4339349782482,FEV1,source_unit,0,0,1
30,PT12,VIS1,PBO,40.3457592375826,FEV1,source_unit,0,0,0
31,PT12,VIS2,PBO,42.7656789911848,FEV1,source_unit,0,0,0
32,PT12,VIS3,PBO,40.111548968422,FEV1,source_unit,0,0,0
33,PT13,VIS3,TRT,53.3179143474517,FEV1,source_unit,0,1,0
34,PT13,VIS4,TRT,56.0764127292688,FEV1,source_unit,0,1,0
35,PT14,VIS3,PBO,41.9083717617722,FEV1,source_unit,1,0,0
36,PT15,VIS3,PBO,34.656625058472,FEV1,source_unit,0,0,0
37,PT15,VIS4,PBO,39.0779147632287,FEV1,source_unit,0,0,0
38,PT16,VIS2,PBO,35.8961202708302,FEV1,source_unit,0,0,1
39,PT16,VIS4,PBO,47.6726359348534,FEV1,source_unit,0,0,1
40,PT17,VIS1,PBO,22.6544037631128,FEV1,source_unit,0,1,1
41,PT17,VIS4,PBO,40.8537558727784,FEV1,source_unit,0,1,1
42,PT18,VIS1,TRT,32.600479537866,FEV1,source_unit,0,0,0
43,PT18,VIS2,TRT,33.6432879183096,FEV1,source_unit,0,0,0
44,PT18,VIS4,TRT,40.9227784586481,FEV1,source_unit,0,0,0
45,PT19,VIS1,TRT,32.1483067781565,FEV1,source_unit,0,0,0
46,PT19,VIS2,TRT,46.4360389975395,FEV1,source_unit,0,0,0
47,PT19,VIS3,TRT,41.3497341230526,FEV1,source_unit,0,0,0
48,PT19,VIS4,TRT,66.3038166364794,FEV1,source_unit,0,0,0
49,PT20,VIS2,TRT,47.9535848605035,FEV1,source_unit,0,1,1
50,PT20,VIS3,TRT,53.9736391916353,FEV1,source_unit,0,1,1
51,PT21,VIS2,TRT,56.6454358781342,FEV1,source_unit,0,1,0
52,PT21,VIS3,TRT,49.7087162124247,FEV1,source_unit,0,1,0
53,PT21,VIS4,TRT,60.4049677556192,FEV1,source_unit,0,1,0
54,PT22,VIS1,TRT,45.9852504468941,FEV1,source_unit,0,1,0
55,PT22,VIS2,TRT,51.9091053230719,FEV1,source_unit,0,1,0
56,PT22,VIS3,TRT,41.5078745777325,FEV1,source_unit,0,1,0
57,PT22,VIS4,TRT,53.4272733346627,FEV1,source_unit,0,1,0
58,PT23,VIS1,PBO,23.868591882194,FEV1,source_unit,1,0,1
59,PT23,VIS2,PBO,35.9856321230446,FEV1,source_unit,1,0,1
60,PT23,VIS3,PBO,43.6062639382299,FEV1,source_unit,1,0,1
61,PT24,VIS1,TRT,29.5977327583607,FEV1,source_unit,0,1,1
62,PT24,VIS2,TRT,35.5068802037266,FEV1,source_unit,0,1,1
63,PT24,VIS3,TRT,55.4294443801126,FEV1,source_unit,0,1,1
64,PT24,VIS4,TRT,52.1052981624319,FEV1,source_unit,0,1,1
65,PT25,VIS1,TRT,31.6964368890013,FEV1,source_unit,0,1,1
66,PT25,VIS2,TRT,32.1615932103259,FEV1,source_unit,0,1,1
67,PT25,VIS3,TRT,51.0473496215405,FEV1,source_unit,0,1,1
68,PT25,VIS4,TRT,55.8598655187746,FEV1,source_unit,0,1,1
69,PT26,VIS1,TRT,49.1170580662058,FEV1,source_unit,0,1,1
70,PT26,VIS2,TRT,49.2554372108486,FEV1,source_unit,0,1,1
71,PT26,VIS3,TRT,51.7221137049056,FEV1,source_unit,0,1,1
72,PT26,VIS4,TRT,69.9912771284263,FEV1,source_unit,0,1,1
73,PT27,VIS1,TRT,22.0716871713562,FEV1,source_unit,1,0,1
74,PT27,VIS3,TRT,46.0839278278859,FEV1,source_unit,1,0,1
75,PT27,VIS4,TRT,52.4228803326672,FEV1,source_unit,1,0,1
76,PT28,VIS1,TRT,37.694659801368,FEV1,source_unit,1,0,0
77,PT28,VIS2,TRT,44.5939992443483,FEV1,source_unit,1,0,0
78,PT28,VIS3,TRT,52.0889743639592,FEV1,source_unit,1,0,0
79,PT28,VIS4,TRT,58.2296062511363,FEV1,source_unit,1,0,0
80,PT29,VIS1,TRT,37.2282415850292,FEV1,source_unit,1,0,0
81,PT29,VIS2,TRT,34.3986275204549,FEV1,source_unit,1,0,0
82,PT29,VIS4,TRT,36.3401213284443,FEV1,source_unit,1,0,0
83,PT30,VIS1,TRT,45.4418159129203,FEV1,source_unit,0,0,1
84,PT30,VIS2,TRT,41.5484701426436,FEV1,source_unit,0,0,1
85,PT30,VIS3,TRT,43.9217228006128,FEV1,source_unit,0,0,1
86,PT30,VIS4,TRT,61.8324286879969,FEV1,source_unit,0,0,1
87,PT31,VIS1,PBO,27.2565563938944,FEV1,source_unit,0,0,1
88,PT31,VIS3,PBO,45.651332889878,FEV1,source_unit,0,0,1
89,PT32,VIS1,TRT,33.1933376551023,FEV1,source_unit,1,0,0
90,PT32,VIS4,TRT,41.6682643425908,FEV1,source_unit,1,0,0
91,PT33,VIS1,TRT,27.127529337008,FEV1,source_unit,1,0,0
92,PT33,VIS2,TRT,31.7485792760278,FEV1,source_unit,1,0,0
93,PT33,VIS4,TRT,41.600002283713,FEV1,source_unit,1,0,0
94,PT34,VIS1,PBO,39.452503412626,FEV1,source_unit,0,0,1
95,PT34,VIS2,PBO,32.61823395763,FEV1,source_unit,0,0,1
96,PT34,VIS3,PBO,34.624452439525,FEV1,source_unit,0,0,1
97,PT34,VIS4,PBO,45.9051482614611,FEV1,source_unit,0,0,1
98,PT35,VIS1,TRT,36.1778032169905,FEV1,source_unit,1,0,1
99,PT35,VIS2,TRT,39.7979558164228,FEV1,source_unit,1,0,1
100,PT35,VIS4,TRT,50.0827172405165,FEV1,source_unit,1,0,1
101,PT36,VIS2,TRT,44.6431577502289,FEV1,source_unit,0,0,1
102,PT36,VIS4,TRT,39.7352878809409,FEV1,source_unit,0,0,1
103,PT37,VIS1,PBO,34.0616425273728,FEV1,source_unit,0,1,1
104,PT37,VIS2,PBO,40.1859235065563,FEV1,source_unit,0,1,1
105,PT37,VIS3,PBO,41.175841554831,FEV1,source_unit,0,1,1
106,PT37,VIS4,PBO,57.7666939250913,FEV1,source_unit,0,1,1
107,PT38,VIS1,PBO,38.1846026425208,FEV1,source_unit,0,0,1
108,PT38,VIS3,PBO,47.1989256039493,FEV1,source_unit,0,0,1
109,PT39,VIS1,PBO,37.327851507007,FEV1,source_unit,0,0,1
110,PT39,VIS3,PBO,43.1604837251989,FEV1,source_unit,0,0,1
111,PT39,VIS4,PBO,41.4034888212523,FEV1,source_unit,0,0,1
112,PT40,VIS1,PBO,30.1573252742902,FEV1,source_unit,1,0,0
113,PT40,VIS2,PBO,35.8435271616963,FEV1,source_unit,1,0,0
114,PT40,VIS3,PBO,40.9524950715598,FEV1,source_unit,1,0,0
115,PT41,VIS2,PBO,41.3792781132094,FEV1,source_unit,1,0,0
116,PT41,VIS3,PBO,50.1731559645432,FEV1,source_unit,1,0,0
117,PT41,VIS4,PBO,45.3522575961833,FEV1,source_unit,1,0,0
118,PT42,VIS1,PBO,39.0649086377154,FEV1,source_unit,1,0,0
119,PT42,VIS4,PBO,42.1195981188242,FEV1,source_unit,1,0,0
120,PT43,VIS1,TRT,29.8104197194569,FEV1,source_unit,1,0,1
121,PT43,VIS2,TRT,42.5705468197795,FEV1,source_unit,1,0,1
122,PT43,VIS3,TRT,47.8165152763442,FEV1,source_unit,1,0,1
123,PT43,VIS4,TRT,68.0602383148747,FEV1,source_unit,1,0,1
124,PT44,VIS1,TRT,35.6207120524473,FEV1,source_unit,1,0,0
125,PT45,VIS1,PBO,33.8913390908543,FEV1,source_unit,0,0,1
126,PT45,VIS2,PBO,36.4280788253636,FEV1,source_unit,0,0,1
127,PT45,VIS3,PBO,37.575188622107,FEV1,source_unit,0,0,1
128,PT45,VIS4,PBO,58.4687343462479,FEV1,source_unit,0,0,1
129,PT46,VIS1,PBO,19.5451584387652,FEV1,source_unit,0,0,0
130,PT46,VIS2,PBO,31.1354145766657,FEV1,source_unit,0,0,0
131,PT46,VIS3,PBO,40.899551260068,FEV1,source_unit,0,0,0
132,PT47,VIS1,TRT,22.1880860205051,FEV1,source_unit,0,0,0
133,PT47,VIS2,TRT,41.0585653579927,FEV1,source_unit,0,0,0
134,PT47,VIS3,TRT,37.3245160403123,FEV1,source_unit,0,0,0
135,PT48,VIS2,PBO,43.1243166457042,FEV1,source_unit,1,0,0
136,PT48,VIS3,PBO,41.9934909442399,FEV1,source_unit,1,0,0
137,PT49,VIS1,PBO,44.0308045342594,FEV1,source_unit,0,1,1
138,PT49,VIS2,PBO,38.6641712183114,FEV1,source_unit,0,1,1
139,PT49,VIS3,PBO,53.4599316903673,FEV1,source_unit,0,1,1
140,PT50,VIS1,TRT,29.8194831203303,FEV1,source_unit,0,0,1
141,PT50,VIS2,TRT,30.438587317296,FEV1,source_unit,0,0,1
142,PT50,VIS3,TRT,40.1809490721211,FEV1,source_unit,0,0,1
143,PT51,VIS1,TRT,26.7857791616284,FEV1,source_unit,1,0,1
144,PT51,VIS2,TRT,34.5511546103998,FEV1,source_unit,1,0,1
145,PT51,VIS4,TRT,40.064211927119,FEV1,source_unit,1,0,1
146,PT52,VIS2,TRT,43.0932869037486,FEV1,source_unit,1,0,1
147,PT52,VIS4,TRT,45.7156741290161,FEV1,source_unit,1,0,1
148,PT53,VIS1,PBO,40.7499229477919,FEV1,source_unit,0,1,0
149,PT53,VIS2,PBO,44.7463452250239,FEV1,source_unit,0,1,0
150,PT55,VIS1,TRT,40.146740062887,FEV1,source_unit,0,0,0
151,PT55,VIS2,TRT,48.7585902326534,FEV1,source_unit,0,0,0
152,PT55,VIS3,TRT,46.4346176320273,FEV1,source_unit,0,0,0
153,PT56,VIS1,PBO,29.3398983772024,FEV1,source_unit,1,0,0
154,PT56,VIS4,PBO,47.9316461503698,FEV1,source_unit,1,0,0
155,PT57,VIS2,TRT,41.1163153323782,FEV1,source_unit,1,0,0
156,PT57,VIS3,TRT,47.0588875958546,FEV1,source_unit,1,0,0
157,PT57,VIS4,TRT,52.2459909191061,FEV1,source_unit,1,0,0
158,PT58,VIS2,TRT,54.1423582237884,FEV1,source_unit,0,1,1
159,PT58,VIS3,TRT,50.4461795794703,FEV1,source_unit,0,1,1
160,PT59,VIS1,TRT,37.5365746467935,FEV1,source_unit,0,1,1
161,PT59,VIS3,TRT,49.458402750744,FEV1,source_unit,0,1,1
162,PT59,VIS4,TRT,59.1286632704657,FEV1,source_unit,0,1,1
163,PT60,VIS1,TRT,40.3126765030212,FEV1,source_unit,1,0,1
164,PT60,VIS2,TRT,39.660494162795,FEV1,source_unit,1,0,1
165,PT60,VIS3,TRT,50.8972594942341,FEV1,source_unit,1,0,1
166,PT60,VIS4,TRT,56.1311646800357,FEV1,source_unit,1,0,1
167,PT61,VIS1,TRT,32.8298119674811,FEV1,source_unit,0,0,0
168,PT61,VIS2,TRT,46.5383725113615,FEV1,source_unit,0,0,0
169,PT61,VIS4,TRT,51.8126456969796,FEV1,source_unit,0,0,0
170,PT62,VIS2,PBO,29.9193903410797,FEV1,source_unit,0,0,1
171,PT63,VIS2,PBO,51.0565645670901,FEV1,source_unit,0,1,1
172,PT63,VIS3,PBO,50.5005863252363,FEV1,source_unit,0,1,1
173,PT63,VIS4,PBO,64.1138789710672,FEV1,source_unit,0,1,1
174,PT64,VIS1,PBO,32.2184328847036,FEV1,source_unit,1,0,1
175,PT64,VIS2,PBO,29.6473215649774,FEV1,source_unit,1,0,1
176,PT64,VIS4,PBO,45.0991872944211,FEV1,source_unit,1,0,1
177,PT65,VIS1,TRT,39.7565915735963,FEV1,source_unit,0,0,1
178,PT65,VIS2,TRT,37.2889374610346,FEV1,source_unit,0,0,1
179,PT65,VIS3,TRT,44.801446093303,FEV1,source_unit,0,0,1
180,PT65,VIS4,TRT,65.9591971010723,FEV1,source_unit,0,0,1
181,PT66,VIS1,TRT,33.4343937832106,FEV1,source_unit,0,0,0
182,PT66,VIS2,TRT,33.5704221593812,FEV1,source_unit,0,0,0
183,PT66,VIS3,TRT,39.9154325252401,FEV1,source_unit,0,0,0
184,PT66,VIS4,TRT,49.5709770592043,FEV1,source_unit,0,0,0
185,PT67,VIS1,TRT,38.9163433148282,FEV1,source_unit,0,1,1
186,PT67,VIS2,TRT,36.6901092198306,FEV1,source_unit,0,1,1
187,PT67,VIS3,TRT,45.66664973436,FEV1,source_unit,0,1,1
188,PT67,VIS4,TRT,52.0743142327902,FEV1,source_unit,0,1,1
189,PT68,VIS1,TRT,42.2141123738001,FEV1,source_unit,0,1,1
190,PT68,VIS2,TRT,45.0290084334187,FEV1,source_unit,0,1,1
191,PT69,VIS1,PBO,30.98337505602,FEV1,source_unit,1,0,0
192,PT69,VIS2,PBO,44.7293191856034,FEV1,source_unit,1,0,0
193,PT69,VIS3,PBO,40.6871090127565,FEV1,source_unit,1,0,0
194,PT69,VIS4,PBO,34.7152985075964,FEV1,source_unit,1,0,0
195,PT70,VIS1,PBO,27.3075248057024,FEV1,source_unit,1,0,0
196,PT70,VIS2,PBO,37.3158452376526,FEV1,source_unit,1,0,0
197,PT70,VIS4,PBO,44.829998571432,FEV1,source_unit,1,0,0
198,PT71,VIS1,TRT,32.9304200543079,FEV1,source_unit,0,0,0
199,PT71,VIS2,TRT,44.9191141900494,FEV1,source_unit,0,0,0
200,PT71,VIS3,TRT,45.6863567810537,FEV1,source_unit,0,0,0
201,PT71,VIS4,TRT,65.9879986592708,FEV1,source_unit,0,0,0
202,PT72,VIS1,TRT,46.6012995458638,FEV1,source_unit,0,0,1
203,PT72,VIS2,TRT,40.8978597989422,FEV1,source_unit,0,0,1
204,PT72,VIS3,TRT,46.6670831878491,FEV1,source_unit,0,0,1
205,PT73,VIS3,PBO,43.8326980775786,FEV1,source_unit,0,1,0
206,PT73,VIS4,PBO,44.1160378195817,FEV1,source_unit,0,1,0
207,PT74,VIS1,PBO,38.2961170481372,FEV1,source_unit,0,1,1
208,PT74,VIS3,PBO,51.3857020124789,FEV1,source_unit,0,1,1
209,PT74,VIS4,PBO,56.20979253798,FEV1,source_unit,0,1,1
210,PT75,VIS2,PBO,43.4581919356468,FEV1,source_unit,0,1,0
211,PT75,VIS3,PBO,38.3874118922626,FEV1,source_unit,0,1,0
212,PT75,VIS4,PBO,56.4281788631639,FEV1,source_unit,0,1,0
213,PT76,VIS1,TRT,39.0504953863914,FEV1,source_unit,0,1,0
214,PT76,VIS4,TRT,54.092000430594,FEV1,source_unit,0,1,0
215,PT77,VIS1,TRT,31.405206820251,FEV1,source_unit,0,0,0
216,PT77,VIS2,TRT,46.1332964878005,FEV1,source_unit,0,0,0
217,PT77,VIS3,TRT,45.298445899989,FEV1,source_unit,0,0,0
218,PT77,VIS4,TRT,28.0693562125058,FEV1,source_unit,0,0,0
219,PT78,VIS2,TRT,42.5028271169073,FEV1,source_unit,0,1,1
220,PT78,VIS3,TRT,46.4536786257425,FEV1,source_unit,0,1,1
221,PT78,VIS4,TRT,64.9736634949371,FEV1,source_unit,0,1,1
222,PT79,VIS4,PBO,43.9784668248923,FEV1,source_unit,0,0,1
223,PT80,VIS1,TRT,35.3346642159936,FEV1,source_unit,0,0,0
224,PT80,VIS2,TRT,39.3437824477275,FEV1,source_unit,0,0,0
225,PT80,VIS3,TRT,41.2763307272225,FEV1,source_unit,0,0,0
226,PT81,VIS2,PBO,39.8305838501124,FEV1,source_unit,0,1,0
227,PT81,VIS3,PBO,43.4967326326944,FEV1,source_unit,0,1,0
228,PT81,VIS4,PBO,44.0611399008182,FEV1,source_unit,0,1,0
229,PT82,VIS1,PBO,41.4374219855891,FEV1,source_unit,1,0,1
230,PT82,VIS3,PBO,46.1695427915753,FEV1,source_unit,1,0,1
231,PT82,VIS4,PBO,54.2402437376896,FEV1,source_unit,1,0,1
232,PT83,VIS1,TRT,36.6183130045018,FEV1,source_unit,0,1,0
233,PT83,VIS2,TRT,42.0927227148911,FEV1,source_unit,0,1,0
234,PT83,VIS3,TRT,50.695561403638,FEV1,source_unit,0,1,0
235,PT83,VIS4,TRT,51.7256338573943,FEV1,source_unit,0,1,0
236,PT84,VIS4,PBO,53.8994742373346,FEV1,source_unit,0,0,1
237,PT85,VIS3,PBO,39.944202407111,FEV1,source_unit,0,0,1
238,PT85,VIS4,PBO,56.4248179380792,FEV1,source_unit,0,0,1
239,PT86,VIS1,TRT,41.8638504795845,FEV1,source_unit,1,0,1
240,PT86,VIS2,TRT,34.5641955551398,FEV1,source_unit,1,0,1
241,PT86,VIS3,TRT,38.6892677093886,FEV1,source_unit,1,0,1
242,PT86,VIS4,TRT,62.8874308736344,FEV1,source_unit,1,0,1
243,PT87,VIS1,PBO,28.8534279261501,FEV1,source_unit,0,1,0
244,PT87,VIS3,PBO,49.2949547443032,FEV1,source_unit,0,1,0
245,PT88,VIS1,PBO,28.7402939811049,FEV1,source_unit,1,0,1
246,PT88,VIS3,PBO,43.599938721823,FEV1,source_unit,1,0,1
247,PT88,VIS4,PBO,57.3861647962001,FEV1,source_unit,1,0,1
248,PT89,VIS1,PBO,35.3682432911851,FEV1,source_unit,1,0,0
249,PT89,VIS2,PBO,43.0610999519497,FEV1,source_unit,1,0,0
250,PT89,VIS3,PBO,31.2755121040499,FEV1,source_unit,1,0,0
251,PT89,VIS4,PBO,54.1324524047697,FEV1,source_unit,1,0,0
252,PT90,VIS1,PBO,25.9704992904188,FEV1,source_unit,0,0,0
253,PT91,VIS3,TRT,51.1749327563686,FEV1,source_unit,0,1,1
254,PT91,VIS4,TRT,48.4404327843467,FEV1,source_unit,0,1,1
255,PT92,VIS1,TRT,43.331284857075,FEV1,source_unit,0,1,1
256,PT92,VIS3,TRT,55.9354636192356,FEV1,source_unit,0,1,1
257,PT92,VIS4,TRT,54.1531208718884,FEV1,source_unit,0,1,1
258,PT93,VIS2,PBO,40.6025198890182,FEV1,source_unit,1,0,0
259,PT93,VIS3,PBO,44.4471480304115,FEV1,source_unit,1,0,0
260,PT93,VIS4,PBO,40.5416104142802,FEV1,source_unit,1,0,0
261,PT94,VIS1,PBO,33.9556317187084,FEV1,source_unit,0,0,1
262,PT94,VIS3,PBO,43.6780230032242,FEV1,source_unit,0,0,1
263,PT94,VIS4,PBO,42.7602310250723,FEV1,source_unit,0,0,1
264,PT95,VIS2,PBO,42.8267835370827,FEV1,source_unit,0,0,1
265,PT95,VIS3,PBO,39.5921798659136,FEV1,source_unit,0,0,1
266,PT96,VIS1,PBO,33.4921565789417,FEV1,source_unit,1,0,1
267,PT96,VIS2,PBO,35.3926637218504,FEV1,source_unit,1,0,1
268,PT96,VIS4,PBO,42.3626625521885,FEV1,source_unit,1,0,1
269,PT97,VIS1,TRT,48.5436826453861,FEV1,source_unit,0,1,0
270,PT97,VIS2,TRT,43.943663441777,FEV1,source_unit,0,1,0
271,PT97,VIS4,TRT,47.9120397698653,FEV1,source_unit,0,1,0
272,PT98,VIS1,PBO,20.7292765257638,FEV1,source_unit,0,0,0
273,PT98,VIS2,PBO,28.0059942699273,FEV1,source_unit,0,0,0
274,PT98,VIS3,PBO,40.1925540768518,FEV1,source_unit,0,0,0
275,PT98,VIS4,PBO,37.793604182177,FEV1,source_unit,0,0,0
276,PT99,VIS2,PBO,36.7517721978528,FEV1,source_unit,1,0,0
277,PT100,VIS1,PBO,34.5982228915951,FEV1,source_unit,1,0,1
278,PT100,VIS2,PBO,39.3203430523541,FEV1,source_unit,1,0,1
279,PT100,VIS3,PBO,40.6570187465529,FEV1,source_unit,1,0,1
280,PT101,VIS2,TRT,43.0325468134515,FEV1,source_unit,0,1,0
281,PT101,VIS3,TRT,54.657154396814,FEV1,source_unit,0,1,0
282,PT102,VIS1,PBO,35.5574150611188,FEV1,source_unit,0,0,1
283,PT102,VIS2,PBO,43.7021525859281,FEV1,source_unit,0,0,1
284,PT102,VIS3,PBO,42.5215686957666,FEV1,source_unit,0,0,1
285,PT102,VIS4,PBO,54.89336592069,FEV1,source_unit,0,0,1
286,PT103,VIS1,PBO,32.034600290722,FEV1,source_unit,0,0,1
287,PT103,VIS2,PBO,29.4510725830821,FEV1,source_unit,0,0,1
288,PT103,VIS3,PBO,45.351381398321,FEV1,source_unit,0,0,1
289,PT104,VIS1,PBO,38.7378400615397,FEV1,source_unit,1,0,1
290,PT104,VIS3,PBO,41.4228346500165,FEV1,source_unit,1,0,1
291,PT104,VIS4,PBO,47.3238478987466,FEV1,source_unit,1,0,1
292,PT105,VIS2,TRT,47.5530954619731,FEV1,source_unit,1,0,1
293,PT105,VIS3,TRT,49.0650897136863,FEV1,source_unit,1,0,1
294,PT106,VIS1,TRT,29.2259099945202,FEV1,source_unit,0,0,1
295,PT106,VIS2,TRT,40.0817491470023,FEV1,source_unit,0,0,1
296,PT106,VIS3,TRT,45.6814162402899,FEV1,source_unit,0,0,1
297,PT106,VIS4,TRT,41.4740302494605,FEV1,source_unit,0,0,1
298,PT107,VIS3,PBO,42.5197021981208,FEV1,source_unit,0,1,1
299,PT107,VIS4,PBO,69.3609871375664,FEV1,source_unit,0,1,1
300,PT108,VIS1,TRT,42.3976012259366,FEV1,source_unit,0,1,0
301,PT108,VIS2,TRT,43.7237626522574,FEV1,source_unit,0,1,0
302,PT108,VIS3,TRT,49.4760130015925,FEV1,source_unit,0,1,0
303,PT108,VIS4,TRT,51.9418844455845,FEV1,source_unit,0,1,0
304,PT109,VIS2,PBO,40.5910018621379,FEV1,source_unit,1,0,1
305,PT109,VIS3,PBO,39.9783323991815,FEV1,source_unit,1,0,1
306,PT109,VIS4,PBO,31.6904914265601,FEV1,source_unit,1,0,1
307,PT110,VIS2,TRT,37.2051732355152,FEV1,source_unit,0,0,0
308,PT110,VIS3,TRT,46.2873956359519,FEV1,source_unit,0,0,0
309,PT111,VIS4,PBO,41.5872047692088,FEV1,source_unit,0,1,1
310,PT112,VIS1,PBO,32.1736472515755,FEV1,source_unit,1,0,1
311,PT112,VIS3,PBO,40.6937538737774,FEV1,source_unit,1,0,1
312,PT113,VIS1,PBO,32.2877066429042,FEV1,source_unit,0,0,0
313,PT113,VIS2,PBO,41.7620518906596,FEV1,source_unit,0,0,0
314,PT113,VIS3,PBO,40.0676750094139,FEV1,source_unit,0,0,0
315,PT114,VIS1,PBO,29.1421278656197,FEV1,source_unit,1,0,0
316,PT114,VIS2,PBO,39.5098875516054,FEV1,source_unit,1,0,0
317,PT114,VIS3,PBO,43.3234912353614,FEV1,source_unit,1,0,0
318,PT114,VIS4,PBO,47.1675585671609,FEV1,source_unit,1,0,0
319,PT115,VIS1,PBO,40.9302007459386,FEV1,source_unit,0,0,1
320,PT115,VIS2,PBO,42.1940595663724,FEV1,source_unit,0,0,1
321,PT115,VIS3,PBO,41.2105741581187,FEV1,source_unit,0,0,1
322,PT116,VIS1,TRT,38.5433023971297,FEV1,source_unit,1,0,0
323,PT116,VIS3,TRT,43.9632392368168,FEV1,source_unit,1,0,0
324,PT116,VIS4,TRT,42.6765164720655,FEV1,source_unit,1,0,0
325,PT117,VIS1,PBO,22.7958356405137,FEV1,source_unit,1,0,0
326,PT118,VIS1,PBO,31.4355895357687,FEV1,source_unit,0,0,1
327,PT118,VIS2,PBO,38.8506362628793,FEV1,source_unit,0,0,1
328,PT118,VIS3,PBO,48.2428809252268,FEV1,source_unit,0,0,1
329,PT119,VIS1,TRT,44.7130244377783,FEV1,source_unit,0,1,0
330,PT119,VIS2,TRT,51.8537031756794,FEV1,source_unit,0,1,0
331,PT120,VIS1,PBO,30.5675690617992,FEV1,source_unit,0,0,1
332,PT121,VIS4,TRT,59.9047257347836,FEV1,source_unit,1,0,0
333,PT122,VIS3,PBO,49.7615036674058,FEV1,source_unit,0,0,1
334,PT123,VIS1,PBO,47.2198511484004,FEV1,source_unit,0,1,1
335,PT123,VIS2,PBO,40.3452500474539,FEV1,source_unit,0,1,1
336,PT123,VIS3,PBO,48.2979278328394,FEV1,source_unit,0,1,1
337,PT124,VIS2,TRT,44.3963395569965,FEV1,source_unit,0,0,1
338,PT124,VIS3,TRT,41.714211149654,FEV1,source_unit,0,0,1
339,PT124,VIS4,TRT,47.3753496093942,FEV1,source_unit,0,0,1
340,PT125,VIS1,PBO,42.0379700910901,FEV1,source_unit,0,1,0
341,PT125,VIS2,PBO,37.5610027001214,FEV1,source_unit,0,1,0
342,PT125,VIS3,PBO,45.1179275650051,FEV1,source_unit,0,1,0
343,PT126,VIS1,TRT,34.6252956432433,FEV1,source_unit,0,0,0
344,PT126,VIS2,TRT,45.2820626354471,FEV1,source_unit,0,0,0
345,PT126,VIS4,TRT,63.5776054723179,FEV1,source_unit,0,0,0
346,PT127,VIS1,TRT,35.8087802579459,FEV1,source_unit,1,0,1
347,PT127,VIS4,TRT,52.6731350423019,FEV1,source_unit,1,0,1
348,PT128,VIS1,TRT,35.8873401294354,FEV1,source_unit,0,0,1
349,PT128,VIS2,TRT,38.7322217123776,FEV1,source_unit,0,0,1
350,PT128,VIS3,TRT,46.7036129480221,FEV1,source_unit,0,0,1
351,PT128,VIS4,TRT,53.6539785311201,FEV1,source_unit,0,0,1
352,PT129,VIS1,TRT,36.7154340028365,FEV1,source_unit,0,1,0
353,PT130,VIS2,PBO,41.5431702277338,FEV1,source_unit,0,1,0
354,PT130,VIS3,PBO,51.6790908494876,FEV1,source_unit,0,1,0
355,PT131,VIS1,PBO,27.4013044222627,FEV1,source_unit,0,0,1
356,PT131,VIS2,PBO,30.3351686675184,FEV1,source_unit,0,0,1
357,PT131,VIS3,PBO,37.7309209360586,FEV1,source_unit,0,0,1
358,PT131,VIS4,PBO,29.1166825066011,FEV1,source_unit,0,0,1
359,PT132,VIS2,PBO,32.0882953564666,FEV1,source_unit,0,0,0
360,PT132,VIS3,PBO,41.6606704046627,FEV1,source_unit,0,0,0
361,PT132,VIS4,PBO,53.9081533314415,FEV1,source_unit,0,0,0
362,PT133,VIS2,PBO,35.0693712053016,FEV1,source_unit,0,1,0
363,PT133,VIS3,PBO,47.1761469570175,FEV1,source_unit,0,1,0
364,PT133,VIS4,PBO,56.4934717600885,FEV1,source_unit,0,1,0
365,PT134,VIS2,PBO,38.8800602260279,FEV1,source_unit,1,0,0
366,PT134,VIS3,PBO,47.5407011812312,FEV1,source_unit,1,0,0
367,PT134,VIS4,PBO,43.5370495197418,FEV1,source_unit,1,0,0
368,PT135,VIS1,PBO,31.8205400201664,FEV1,source_unit,1,0,0
369,PT135,VIS2,PBO,39.6281563711061,FEV1,source_unit,1,0,0
370,PT135,VIS3,PBO,44.9554316659023,FEV1,source_unit,1,0,0
371,PT135,VIS4,PBO,21.1154307988055,FEV1,source_unit,1,0,0
372,PT136,VIS1,TRT,34.7467138722187,FEV1,source_unit,0,1,1
373,PT136,VIS4,TRT,56.6924854300405,FEV1,source_unit,0,1,1
374,PT137,VIS1,TRT,22.7312614492139,FEV1,source_unit,0,0,1
375,PT137,VIS2,TRT,32.5007545796499,FEV1,source_unit,0,0,1
376,PT137,VIS3,TRT,42.3720551978023,FEV1,source_unit,0,0,1
377,PT137,VIS4,TRT,42.89847352242,FEV1,source_unit,0,0,1
378,PT138,VIS1,TRT,55.6258172301476,FEV1,source_unit,0,0,0
379,PT138,VIS2,TRT,45.3899831141454,FEV1,source_unit,0,0,0
380,PT138,VIS3,TRT,52.6674296010596,FEV1,source_unit,0,0,0
381,PT139,VIS3,TRT,34.1893064444494,FEV1,source_unit,0,0,1
382,PT139,VIS4,TRT,45.5974016275399,FEV1,source_unit,0,0,1
383,PT140,VIS1,PBO,28.891981992526,FEV1,source_unit,1,0,1
384,PT140,VIS2,PBO,38.4614742290517,FEV1,source_unit,1,0,1
385,PT140,VIS4,PBO,49.9035669605783,FEV1,source_unit,1,0,1
386,PT141,VIS2,TRT,44.1416684193034,FEV1,source_unit,0,1,0
387,PT141,VIS4,TRT,55.2427799679339,FEV1,source_unit,0,1,0
388,PT143,VIS1,TRT,27.3800096746861,FEV1,source_unit,1,0,1
389,PT143,VIS2,TRT,33.6325052564329,FEV1,source_unit,1,0,1
390,PT143,VIS4,TRT,39.3440951190427,FEV1,source_unit,1,0,1
391,PT144,VIS1,PBO,26.9857528431233,FEV1,source_unit,0,0,1
392,PT144,VIS2,PBO,24.0417499669344,FEV1,source_unit,0,0,1
393,PT144,VIS3,PBO,42.1664821206382,FEV1,source_unit,0,0,1
394,PT144,VIS4,PBO,44.7538018255842,FEV1,source_unit,0,0,1
395,PT145,VIS1,PBO,31.5546949822726,FEV1,source_unit,1,0,0
396,PT145,VIS2,PBO,44.4269576483794,FEV1,source_unit,1,0,0
397,PT145,VIS3,PBO,44.103434092701,FEV1,source_unit,1,0,0
398,PT146,VIS2,TRT,37.874454282238,FEV1,source_unit,0,0,1
399,PT146,VIS3,TRT,48.3182830282378,FEV1,source_unit,0,0,1
400,PT146,VIS4,TRT,50.2151994798011,FEV1,source_unit,0,0,1
401,PT147,VIS1,PBO,41.9461516620971,FEV1,source_unit,0,0,1
402,PT147,VIS2,PBO,39.62690070999,FEV1,source_unit,0,0,1
403,PT147,VIS3,PBO,46.6976340746045,FEV1,source_unit,0,0,1
404,PT148,VIS2,TRT,43.7525476049018,FEV1,source_unit,1,0,0
405,PT148,VIS3,TRT,47.388731659563,FEV1,source_unit,1,0,0
406,PT149,VIS1,PBO,32.434119623755,FEV1,source_unit,0,0,1
407,PT149,VIS2,PBO,43.071625345971,FEV1,source_unit,0,0,1
408,PT149,VIS3,PBO,42.9955132119605,FEV1,source_unit,0,0,1
409,PT149,VIS4,PBO,53.8275875371579,FEV1,source_unit,0,0,1
410,PT150,VIS3,PBO,50.6480222179347,FEV1,source_unit,0,1,0
411,PT150,VIS4,PBO,63.4405097058236,FEV1,source_unit,0,1,0
412,PT151,VIS1,PBO,34.4894902756985,FEV1,source_unit,0,0,1
413,PT151,VIS2,PBO,40.0805620475257,FEV1,source_unit,0,0,1
414,PT151,VIS4,PBO,47.4655301825886,FEV1,source_unit,0,0,1
415,PT152,VIS2,TRT,37.116968425781,FEV1,source_unit,0,0,1
416,PT152,VIS4,TRT,36.2511994419548,FEV1,source_unit,0,0,1
417,PT153,VIS1,PBO,29.201705264335,FEV1,source_unit,1,0,0
418,PT153,VIS2,PBO,31.5377251378101,FEV1,source_unit,1,0,0
419,PT153,VIS3,PBO,42.3568270133104,FEV1,source_unit,1,0,0
420,PT153,VIS4,PBO,64.7835245866138,FEV1,source_unit,1,0,0
421,PT154,VIS1,PBO,32.7275723014249,FEV1,source_unit,1,0,1
422,PT154,VIS2,PBO,37.5002209274126,FEV1,source_unit,1,0,1
423,PT154,VIS4,PBO,57.0386148517057,FEV1,source_unit,1,0,1
424,PT155,VIS1,TRT,36.3247512191305,FEV1,source_unit,0,0,0
425,PT155,VIS3,TRT,41.4672531348006,FEV1,source_unit,0,0,0
426,PT155,VIS4,TRT,59.0141089547461,FEV1,source_unit,0,0,0
427,PT156,VIS1,PBO,30.1497033351109,FEV1,source_unit,0,1,0
428,PT156,VIS2,PBO,34.9173998921514,FEV1,source_unit,0,1,0
429,PT156,VIS3,PBO,52.1389993149483,FEV1,source_unit,0,1,0
430,PT156,VIS4,PBO,58.7383928839491,FEV1,source_unit,0,1,0
431,PT157,VIS1,TRT,35.8318450837661,FEV1,source_unit,1,0,0
432,PT157,VIS4,TRT,56.4140909049202,FEV1,source_unit,1,0,0
433,PT158,VIS2,TRT,43.555932986532,FEV1,source_unit,1,0,0
434,PT158,VIS3,TRT,44.2632007206057,FEV1,source_unit,1,0,0
435,PT158,VIS4,TRT,59.2557912041538,FEV1,source_unit,1,0,0
436,PT159,VIS1,TRT,28.473144181093,FEV1,source_unit,0,0,1
437,PT159,VIS2,TRT,47.475807851296,FEV1,source_unit,0,0,1
438,PT160,VIS2,TRT,46.474830978079,FEV1,source_unit,0,0,0
439,PT160,VIS3,TRT,51.2267703306876,FEV1,source_unit,0,0,0
440,PT160,VIS4,TRT,45.8277659244683,FEV1,source_unit,0,0,0
441,PT161,VIS2,PBO,39.067827201629,FEV1,source_unit,1,0,1
442,PT162,VIS1,PBO,29.9954222546416,FEV1,source_unit,0,0,0
443,PT162,VIS4,PBO,54.1779558683399,FEV1,source_unit,0,0,0
444,PT163,VIS2,PBO,44.5574328085673,FEV1,source_unit,0,1,0
445,PT163,VIS4,PBO,62.5957936906029,FEV1,source_unit,0,1,0
446,PT164,VIS2,PBO,35.4839600438564,FEV1,source_unit,1,0,1
447,PT164,VIS3,PBO,44.0776750075098,FEV1,source_unit,1,0,1
448,PT164,VIS4,PBO,46.57837049362,FEV1,source_unit,1,0,1
449,PT165,VIS1,TRT,47.6797912793676,FEV1,source_unit,0,1,1
450,PT166,VIS1,TRT,22.1543873553668,FEV1,source_unit,0,0,0
451,PT167,VIS1,PBO,34.2776527974756,FEV1,source_unit,1,0,0
452,PT167,VIS2,PBO,36.9005884969369,FEV1,source_unit,1,0,0
453,PT167,VIS4,PBO,40.5428541769339,FEV1,source_unit,1,0,0
454,PT168,VIS1,PBO,29.094939851554,FEV1,source_unit,1,0,1
455,PT168,VIS2,PBO,37.2176804995947,FEV1,source_unit,1,0,1
456,PT168,VIS3,PBO,43.084912397961,FEV1,source_unit,1,0,1
457,PT169,VIS1,PBO,27.1217395965427,FEV1,source_unit,0,1,1
458,PT169,VIS2,PBO,34.1191616641936,FEV1,source_unit,0,1,1
459,PT170,VIS2,TRT,40.802298142402,FEV1,source_unit,0,1,1
460,PT170,VIS3,TRT,45.8926881675172,FEV1,source_unit,0,1,1
461,PT170,VIS4,TRT,43.6915255766108,FEV1,source_unit,0,1,1
462,PT171,VIS2,PBO,29.2286890369533,FEV1,source_unit,0,0,1
463,PT171,VIS4,PBO,55.6836184704678,FEV1,source_unit,0,0,1
464,PT172,VIS1,TRT,31.9069838397564,FEV1,source_unit,0,0,1
465,PT172,VIS2,TRT,37.3106076229201,FEV1,source_unit,0,0,1
466,PT172,VIS3,TRT,40.7554590958719,FEV1,source_unit,0,0,1
467,PT173,VIS1,TRT,42.1947365993226,FEV1,source_unit,0,1,1
468,PT173,VIS2,TRT,44.8722771547709,FEV1,source_unit,0,1,1
469,PT173,VIS3,TRT,47.551984740093,FEV1,source_unit,0,1,1
470,PT174,VIS1,TRT,50.6289430873792,FEV1,source_unit,1,0,1
471,PT174,VIS2,TRT,45.4755111034248,FEV1,source_unit,1,0,1
472,PT174,VIS3,TRT,48.6216798482735,FEV1,source_unit,1,0,1
473,PT175,VIS1,PBO,29.6649261851385,FEV1,source_unit,1,0,1
474,PT175,VIS2,PBO,34.5740602102981,FEV1,source_unit,1,0,1
475,PT175,VIS4,PBO,38.1167573935649,FEV1,source_unit,1,0,1
476,PT176,VIS1,TRT,33.7720416342871,FEV1,source_unit,1,0,0
477,PT176,VIS2,TRT,34.2614793678724,FEV1,source_unit,1,0,0
478,PT176,VIS4,TRT,58.8103714861106,FEV1,source_unit,1,0,0
479,PT177,VIS3,PBO,39.8811933046226,FEV1,source_unit,1,0,0
480,PT178,VIS1,PBO,31.6270768557158,FEV1,source_unit,1,0,0
481,PT178,VIS4,PBO,48.2204919876636,FEV1,source_unit,1,0,0
482,PT179,VIS1,TRT,42.5882883042679,FEV1,source_unit,0,1,0
483,PT179,VIS3,TRT,49.3326221835959,FEV1,source_unit,0,1,0
484,PT179,VIS4,TRT,53.7433114875181,FEV1,source_unit,0,1,0
485,PT180,VIS1,PBO,29.7185741364814,FEV1,source_unit,0,0,0
486,PT180,VIS2,PBO,30.4565148134052,FEV1,source_unit,0,0,0
487,PT180,VIS3,PBO,38.2980005048233,FEV1,source_unit,0,0,0
488,PT181,VIS1,PBO,36.8103963988814,FEV1,source_unit,0,0,1
489,PT181,VIS3,PBO,42.3504484943455,FEV1,source_unit,0,0,1
490,PT181,VIS4,PBO,39.3986048235219,FEV1,source_unit,0,0,1
491,PT182,VIS3,TRT,49.7362879159518,FEV1,source_unit,1,0,1
492,PT182,VIS4,TRT,41.5808172125552,FEV1,source_unit,1,0,1
493,PT183,VIS1,TRT,43.5890104238146,FEV1,source_unit,1,0,1
494,PT183,VIS2,TRT,40.1676154838976,FEV1,source_unit,1,0,1
495,PT184,VIS2,TRT,41.0820563451263,FEV1,source_unit,0,1,1
496,PT184,VIS4,TRT,69.3740861533557,FEV1,source_unit,0,1,1
497,PT185,VIS2,PBO,41.276245305898,FEV1,source_unit,1,0,1
498,PT185,VIS3,PBO,44.7613828081232,FEV1,source_unit,1,0,1
499,PT185,VIS4,PBO,39.698154918176,FEV1,source_unit,1,0,1
500,PT186,VIS1,PBO,38.4429587857077,FEV1,source_unit,0,1,0
501,PT186,VIS2,PBO,48.2058577750118,FEV1,source_unit,0,1,0
502,PT186,VIS4,PBO,35.5073486296937,FEV1,source_unit,0,1,0
503,PT187,VIS1,PBO,32.0815278702117,FEV1,source_unit,1,0,1
504,PT188,VIS1,PBO,44.692560589629,FEV1,source_unit,1,0,1
505,PT188,VIS3,PBO,42.1868939652004,FEV1,source_unit,1,0,1
506,PT189,VIS1,TRT,37.0174058122877,FEV1,source_unit,0,0,1
507,PT189,VIS2,TRT,38.2691973287987,FEV1,source_unit,0,0,1
508,PT189,VIS3,TRT,49.2880568902131,FEV1,source_unit,0,0,1
509,PT190,VIS1,TRT,40.4595331139755,FEV1,source_unit,1,0,1
510,PT190,VIS2,TRT,45.1033651991198,FEV1,source_unit,1,0,1
511,PT190,VIS3,TRT,45.582497322805,FEV1,source_unit,1,0,1
512,PT190,VIS4,TRT,62.9698946409796,FEV1,source_unit,1,0,1
513,PT191,VIS1,TRT,30.7825245114901,FEV1,source_unit,0,1,0
514,PT191,VIS4,TRT,44.6966672719081,FEV1,source_unit,0,1,0
515,PT192,VIS1,TRT,32.7249073494043,FEV1,source_unit,0,1,1
516,PT192,VIS2,TRT,45.7870239974171,FEV1,source_unit,0,1,1
517,PT192,VIS3,TRT,48.7488576804756,FEV1,source_unit,0,1,1
518,PT192,VIS4,TRT,84.0844870776045,FEV1,source_unit,0,1,1
519,PT193,VIS2,PBO,30.1949453146673,FEV1,source_unit,0,0,0
520,PT193,VIS3,PBO,36.7857343778742,FEV1,source_unit,0,0,0
521,PT193,VIS4,PBO,61.0358754249502,FEV1,source_unit,0,0,0
522,PT194,VIS1,PBO,20.3674939859466,FEV1,source_unit,1,0,0
523,PT194,VIS2,PBO,35.2247954988047,FEV1,source_unit,1,0,0
524,PT194,VIS3,PBO,37.4284709120513,FEV1,source_unit,1,0,0
525,PT194,VIS4,PBO,30.2050070084758,FEV1,source_unit,1,0,0
526,PT195,VIS2,TRT,49.1286162105429,FEV1,source_unit,0,1,1
527,PT195,VIS3,TRT,47.3123399488302,FEV1,source_unit,0,1,1
528,PT196,VIS1,PBO,19.2838847300433,FEV1,source_unit,0,0,0
529,PT196,VIS2,PBO,30.0068158217127,FEV1,source_unit,0,0,0
530,PT196,VIS4,PBO,49.217682042554,FEV1,source_unit,0,0,0
531,PT197,VIS4,PBO,40.133533747015,FEV1,source_unit,1,0,0
532,PT198,VIS1,TRT,42.3453442430236,FEV1,source_unit,1,0,0
533,PT198,VIS2,TRT,52.3257500408636,FEV1,source_unit,1,0,0
534,PT198,VIS4,TRT,69.2625361995753,FEV1,source_unit,1,0,0
535,PT200,VIS1,PBO,35.7034117910292,FEV1,source_unit,1,0,0
536,PT200,VIS2,PBO,41.6445427067491,FEV1,source_unit,1,0,0
537,PT200,VIS4,PBO,54.2508125737659,FEV1,source_unit,1,0,0
