"USUBJID","AVISIT","ARMCD","RACE","SEX","FEV1_BL","FEV1","WEIGHT","VISITN","VISITN2"
"PT1","VIS1","TRT","Black or African American","Female",25.2714350933994,NA,0.676723117008805,1,-0.626453810742332
"PT1","VIS2","TRT","Black or African American","Female",25.2714350933994,39.9710497720302,0.800618554465473,2,0.183643324222082
"PT1","VIS3","TRT","Black or African American","Female",25.2714350933994,NA,0.708785862661898,3,-0.835628612410047
"PT1","VIS4","TRT","Black or African American","Female",25.2714350933994,20.4837899973602,0.808899652957916,4,1.59528080213779
"PT2","VIS1","PBO","Asian","Male",45.0247709770872,NA,0.465184768103063,1,0.32950777181536
"PT2","VIS2","PBO","Asian","Male",45.0247709770872,31.4552188616585,0.23309742808342,2,-0.820468384118015
"PT2","VIS3","PBO","Asian","Male",45.0247709770872,36.8788934597665,0.360076309368014,3,0.487429052428485
"PT2","VIS4","PBO","Asian","Male",45.0247709770872,48.8080946471004,0.507379468530416,4,0.738324705129217
"PT3","VIS1","PBO","Black or African American","Female",43.500696823833,NA,0.682164203003049,1,0.575781351653492
"PT3","VIS2","PBO","Black or African American","Female",43.500696823833,35.9869916369173,0.891789550334215,2,-0.305388387156356
"PT3","VIS3","PBO","Black or African American","Female",43.500696823833,NA,0.127628348022699,3,1.51178116845085
"PT3","VIS4","PBO","Black or African American","Female",43.500696823833,37.1644387171182,0.221898792125285,4,0.389843236411431
"PT4","VIS1","TRT","Asian","Female",31.6031833982841,33.8922914377926,0.688547961972654,1,-0.621240580541804
"PT4","VIS2","TRT","Asian","Female",31.6031833982841,33.746374757941,0.100909269228578,2,-2.2146998871775
"PT4","VIS3","TRT","Asian","Female",31.6031833982841,NA,0.412962668202817,3,1.12493091814311
"PT4","VIS4","TRT","Asian","Female",31.6031833982841,54.4505475281509,0.469995723292232,4,-0.0449336090152309
"PT5","VIS1","PBO","Black or African American","Male",43.6469096552664,32.3138595541165,0.410515185259283,1,-0.0161902630989461
"PT5","VIS2","PBO","Black or African American","Male",43.6469096552664,NA,0.421988113410771,2,0.943836210685299
"PT5","VIS3","PBO","Black or African American","Male",43.6469096552664,46.7936140590058,0.243170867860317,3,0.821221195098089
"PT5","VIS4","PBO","Black or African American","Male",43.6469096552664,41.7115376128577,0.861327002942562,4,0.593901321217509
"PT6","VIS1","PBO","Black or African American","Male",21.5947220508761,NA,0.462982458621264,1,0.918977371608218
"PT6","VIS2","PBO","Black or African American","Male",21.5947220508761,NA,0.361401926912367,2,0.782136300731067
"PT6","VIS3","PBO","Black or African American","Male",21.5947220508761,39.0242262142571,0.872332258708775,3,0.0745649833651906
"PT6","VIS4","PBO","Black or African American","Male",21.5947220508761,NA,0.665985501743853,4,-1.98935169586337
"PT7","VIS1","PBO","Asian","Female",25.4816539152657,31.9305016359161,0.615634109266102,1,0.61982574789471
"PT7","VIS2","PBO","Asian","Female",25.4816539152657,32.9094717192787,0.411862787976861,2,-0.0561287395290008
"PT7","VIS3","PBO","Asian","Female",25.4816539152657,NA,0.658834911510348,3,-0.155795506705329
"PT7","VIS4","PBO","Asian","Female",25.4816539152657,48.2803116100662,0.535246291570365,4,-1.47075238389927
"PT8","VIS1","PBO","Black or African American","Male",47.8122505682807,32.2302112132612,0.281173742935061,1,-0.47815005510862
"PT8","VIS2","PBO","Black or African American","Male",47.8122505682807,35.9107993017427,0.487646204046905,2,0.417941560199702
"PT8","VIS3","PBO","Black or African American","Male",47.8122505682807,45.5489759570205,0.734405735880136,3,1.35867955152904
"PT8","VIS4","PBO","Black or African American","Male",47.8122505682807,53.0287682279855,0.104790103621781,4,-0.102787727342996
"PT9","VIS1","TRT","White","Male",50.8712925073161,47.1689802205417,0.250169956684113,1,0.387671611559369
"PT9","VIS2","TRT","White","Male",50.8712925073161,46.6428670106981,0.645466898567975,2,-0.0538050405829051
"PT9","VIS3","TRT","White","Male",50.8712925073161,NA,0.396083298884332,3,-1.37705955682861
"PT9","VIS4","TRT","White","Male",50.8712925073161,58.0971322316289,0.389300456084311,4,-0.41499456329968
"PT10","VIS1","PBO","Black or African American","Female",57.7261294971783,NA,0.795035918802023,1,-0.394289953710349
"PT10","VIS2","PBO","Black or African American","Female",57.7261294971783,NA,0.823323732614517,2,-0.0593133967111857
"PT10","VIS3","PBO","Black or African American","Female",57.7261294971783,44.9761319839877,0.593939652480185,3,1.10002537198388
"PT10","VIS4","PBO","Black or African American","Female",57.7261294971783,NA,0.207225307635963,4,0.763175748457544
"PT11","VIS1","TRT","Asian","Female",50.9850182109199,44.3275478220919,0.725754624418914,1,-0.164523596253587
"PT11","VIS2","TRT","Asian","Female",50.9850182109199,38.9781271232319,0.443359055928886,2,-0.253361680136508
"PT11","VIS3","TRT","Asian","Female",50.9850182109199,43.7286238227296,0.841819179989398,3,0.696963375404737
"PT11","VIS4","TRT","Asian","Female",50.9850182109199,46.4339349782482,0.718594579771161,4,0.556663198673657
"PT12","VIS1","PBO","Asian","Male",34.712714863029,40.3457592375826,0.307744997367263,1,-0.68875569454952
"PT12","VIS2","PBO","Asian","Male",34.712714863029,42.7656789911848,0.356979738734663,2,-0.70749515696212
"PT12","VIS3","PBO","Asian","Male",34.712714863029,40.111548968422,0.148156125843525,3,0.36458196213683
"PT12","VIS4","PBO","Asian","Male",34.712714863029,NA,0.134765163064003,4,0.768532924515416
"PT13","VIS1","TRT","White","Male",47.2635777118565,NA,0.144043054617941,1,-0.112346212150228
"PT13","VIS2","TRT","White","Male",47.2635777118565,NA,0.600434237532318,2,0.881107726454215
"PT13","VIS3","TRT","White","Male",47.2635777118565,53.3179143474517,0.871576230973005,3,0.398105880367068
"PT13","VIS4","TRT","White","Male",47.2635777118565,56.0764127292688,0.761842295154929,4,-0.612026393250771
"PT14","VIS1","PBO","Black or African American","Male",42.000955239167,NA,0.352022589184344,1,0.341119691424425
"PT14","VIS2","PBO","Black or African American","Male",42.000955239167,NA,0.27042036075145,2,-1.12936309608079
"PT14","VIS3","PBO","Black or African American","Male",42.000955239167,41.9083717617722,0.685996895097196,3,1.43302370170104
"PT14","VIS4","PBO","Black or African American","Male",42.000955239167,NA,0.49939281642437,4,1.98039989850586
"PT15","VIS1","PBO","Asian","Male",14.3426967616671,NA,0.68381757736206,1,-0.367221476466509
"PT15","VIS2","PBO","Asian","Male",14.3426967616671,NA,0.164268835447729,2,-1.04413462631653
"PT15","VIS3","PBO","Asian","Male",14.3426967616671,34.656625058472,0.448424387909472,3,0.569719627442413
"PT15","VIS4","PBO","Asian","Male",14.3426967616671,39.0779147632287,0.289264362677932,4,-0.135054603880824
"PT16","VIS1","PBO","Asian","Female",47.0728498555768,NA,0.733254238776863,1,2.40161776050478
"PT16","VIS2","PBO","Asian","Female",47.0728498555768,35.8961202708302,0.306947453506291,2,-0.0392400027331692
"PT16","VIS3","PBO","Asian","Female",47.0728498555768,NA,0.888787065446377,3,0.689739362450777
"PT16","VIS4","PBO","Asian","Female",47.0728498555768,47.6726359348534,0.705498994886875,4,0.0280021587806661
"PT17","VIS1","PBO","White","Female",17.1751552874215,22.6544037631128,0.883822597749531,1,-0.743273208882405
"PT17","VIS2","PBO","White","Female",17.1751552874215,NA,0.275158271379769,2,0.188792299514343
"PT17","VIS3","PBO","White","Female",17.1751552874215,NA,0.858965746499598,3,-1.80495862889104
"PT17","VIS4","PBO","White","Female",17.1751552874215,40.8537558727784,0.219566356949508,4,1.46555486156289
"PT18","VIS1","TRT","Asian","Male",55.1624191178221,32.600479537866,0.580285576544702,1,0.153253338211898
"PT18","VIS2","TRT","Asian","Male",55.1624191178221,33.6432879183096,0.857144601456821,2,2.17261167036215
"PT18","VIS3","TRT","Asian","Male",55.1624191178221,NA,0.650682685524225,3,0.475509528899663
"PT18","VIS4","TRT","Asian","Male",55.1624191178221,40.9227784586481,0.5044269785285,4,-0.709946430921815
"PT19","VIS1","TRT","Asian","Male",32.7514368889433,32.1483067781565,0.398348995856941,1,0.610726353489055
"PT19","VIS2","TRT","Asian","Male",32.7514368889433,46.4360389975395,0.368644030764699,2,-0.934097631644252
"PT19","VIS3","TRT","Asian","Male",32.7514368889433,41.3497341230526,0.138601082004607,3,-1.2536334002391
"PT19","VIS4","TRT","Asian","Male",32.7514368889433,66.3038166364794,0.595158031210303,4,0.291446235517463
"PT20","VIS1","TRT","White","Female",37.372227859401,NA,0.86915783341974,1,-0.443291873218433
"PT20","VIS2","TRT","White","Female",37.372227859401,47.9535848605035,0.623968407697976,2,0.00110535163162413
"PT20","VIS3","TRT","White","Female",37.372227859401,53.9736391916353,0.508233593218029,3,0.0743413241516641
"PT20","VIS4","TRT","White","Female",37.372227859401,NA,0.220078568533063,4,-0.589520946188072
"PT21","VIS1","TRT","White","Male",54.8467527623961,NA,0.796358304284513,1,-0.568668732818502
"PT21","VIS2","TRT","White","Male",54.8467527623961,56.6454358781342,0.511553342267871,2,-0.135178615123832
"PT21","VIS3","TRT","White","Male",54.8467527623961,49.7087162124247,0.106918330863118,3,1.1780869965732
"PT21","VIS4","TRT","White","Male",54.8467527623961,60.4049677556192,0.115355812385678,4,-1.52356680042976
"PT22","VIS1","TRT","White","Male",51.574745597896,45.9852504468941,0.215609521232545,1,0.593946187628422
"PT22","VIS2","TRT","White","Male",51.574745597896,51.9091053230719,0.344025403819978,2,0.332950371213518
"PT22","VIS3","TRT","White","Male",51.574745597896,41.5078745777325,0.760525490157306,3,1.06309983727636
"PT22","VIS4","TRT","White","Male",51.574745597896,53.4272733346627,0.501875713840127,4,-0.304183923634301
"PT23","VIS1","PBO","Black or African American","Female",29.925606082995,23.868591882194,0.742858100682497,1,0.370018809916288
"PT23","VIS2","PBO","Black or African American","Female",29.925606082995,35.9856321230446,0.148511985689402,2,0.267098790772231
"PT23","VIS3","PBO","Black or African American","Female",29.925606082995,43.6062639382299,0.842364109121263,3,-0.54252003099165
"PT23","VIS4","PBO","Black or African American","Female",29.925606082995,NA,0.746542840823531,4,1.20786780598317
"PT24","VIS1","TRT","White","Female",39.0735712521918,29.5977327583607,0.163050671853125,1,1.16040261569495
"PT24","VIS2","TRT","White","Female",39.0735712521918,35.5068802037266,0.580742625333369,2,0.700213649514998
"PT24","VIS3","TRT","White","Female",39.0735712521918,55.4294443801126,0.67182390447706,3,1.58683345454085
"PT24","VIS4","TRT","White","Female",39.0735712521918,52.1052981624319,0.511076522618532,4,0.558486425565304
"PT25","VIS1","TRT","White","Female",49.1254233429782,31.6964368890013,0.676093203946948,1,-1.27659220845804
"PT25","VIS2","TRT","White","Female",49.1254233429782,32.1615932103259,0.699957015924156,2,-0.573265414236886
"PT25","VIS3","TRT","White","Female",49.1254233429782,51.0473496215405,0.176512419059873,3,-1.22461261489836
"PT25","VIS4","TRT","White","Female",49.1254233429782,55.8598655187746,0.418260692059994,4,-0.473400636439312
"PT26","VIS1","TRT","White","Female",53.2241430562772,49.1170580662058,0.335572322458029,1,-0.620366677224124
"PT26","VIS2","TRT","White","Female",53.2241430562772,49.2554372108486,0.593802932463586,2,0.0421158731442352
"PT26","VIS3","TRT","White","Female",53.2241430562772,51.7221137049056,0.879419301822782,3,-0.910921648552446
"PT26","VIS4","TRT","White","Female",53.2241430562772,69.9912771284263,0.594569630362093,4,0.158028772404075
"PT27","VIS1","TRT","Black or African American","Female",45.7959044432388,22.0716871713562,0.517095354758203,1,-0.654584643918818
"PT27","VIS2","TRT","Black or African American","Female",45.7959044432388,NA,0.822003036737442,2,1.76728726937265
"PT27","VIS3","TRT","Black or African American","Female",45.7959044432388,46.0839278278859,0.609963546134532,3,0.716707476017206
"PT27","VIS4","TRT","Black or African American","Female",45.7959044432388,52.4228803326672,0.791440906375647,4,0.910174229495227
"PT28","VIS1","TRT","Black or African American","Male",44.1373403211537,37.694659801368,0.300894192792475,1,0.384185357826345
"PT28","VIS2","TRT","Black or African American","Male",44.1373403211537,44.5939992443483,0.272055264562368,2,1.68217608051942
"PT28","VIS3","TRT","Black or African American","Male",44.1373403211537,52.0889743639592,0.587580835819244,3,-0.635736453948977
"PT28","VIS4","TRT","Black or African American","Male",44.1373403211537,58.2296062511363,0.406755708344281,4,-0.461644730360566
"PT29","VIS1","TRT","Black or African American","Male",31.228939603423,37.2282415850292,0.704216835647821,1,1.43228223854166
"PT29","VIS2","TRT","Black or African American","Male",31.228939603423,34.3986275204549,0.403788994252682,2,-0.650696353310367
"PT29","VIS3","TRT","Black or African American","Male",31.228939603423,NA,0.735977650806308,3,-0.207380743601965
"PT29","VIS4","TRT","Black or African American","Male",31.228939603423,36.3401213284443,0.824552908726037,4,-0.392807929441984
"PT30","VIS1","TRT","Asian","Female",39.9063386626309,45.4418159129203,0.887220938690007,1,-0.319992868548507
"PT30","VIS2","TRT","Asian","Female",39.9063386626309,41.5484701426436,0.570358378812671,2,-0.279113302976559
"PT30","VIS3","TRT","Asian","Female",39.9063386626309,43.9217228006128,0.107571241259575,3,0.494188331267827
"PT30","VIS4","TRT","Asian","Female",39.9063386626309,61.8324286879969,0.356633655354381,4,-0.177330482269606
"PT31","VIS1","PBO","Asian","Female",51.8518977295575,27.2565563938944,0.547565386630595,1,-0.505957462114257
"PT31","VIS2","PBO","Asian","Female",51.8518977295575,NA,0.511934048123658,2,1.34303882517041
"PT31","VIS3","PBO","Asian","Female",51.8518977295575,45.651332889878,0.171769489720464,3,-0.214579408546869
"PT31","VIS4","PBO","Asian","Female",51.8518977295575,NA,0.646600458957255,4,-0.179556530043387
"PT32","VIS1","TRT","Black or African American","Male",38.0918675479244,33.1933376551023,0.667977639660239,1,-0.100190741213562
"PT32","VIS2","TRT","Black or African American","Male",38.0918675479244,NA,0.740185243263841,2,0.712666307051405
"PT32","VIS3","TRT","Black or African American","Male",38.0918675479244,NA,0.855262731947005,3,-0.0735644041263263
"PT32","VIS4","TRT","Black or African American","Male",38.0918675479244,41.6682643425908,0.249316910095513,4,-0.0376341714670479
"PT33","VIS1","TRT","Black or African American","Male",20.1832158283417,27.127529337008,0.322913825884461,1,-0.681660478755657
"PT33","VIS2","TRT","Black or African American","Male",20.1832158283417,31.7485792760278,0.7194106310606,2,-0.324270272246319
"PT33","VIS3","TRT","Black or African American","Male",20.1832158283417,NA,0.126758091710508,3,0.0601604404345152
"PT33","VIS4","TRT","Black or African American","Male",20.1832158283417,41.600002283713,0.637534512579441,4,-0.588894486259664
"PT34","VIS1","PBO","Asian","Female",49.2707997691808,39.452503412626,0.750213697552681,1,0.531496192632572
"PT34","VIS2","PBO","Asian","Female",49.2707997691808,32.61823395763,0.630528991110623,2,-1.51839408178679
"PT34","VIS3","PBO","Asian","Female",49.2707997691808,34.624452439525,0.855579738132656,3,0.306557860789766
"PT34","VIS4","PBO","Asian","Female",49.2707997691808,45.9051482614611,0.799875254184008,4,-1.53644982353759
"PT35","VIS1","TRT","Black or African American","Female",55.9870102439707,36.1778032169905,0.657896958105266,1,-0.300976126836611
"PT35","VIS2","TRT","Black or African American","Female",55.9870102439707,39.7979558164228,0.248032713122666,2,-0.528279904445006
"PT35","VIS3","TRT","Black or African American","Female",55.9870102439707,NA,0.178035448305309,3,-0.652094780680999
"PT35","VIS4","TRT","Black or African American","Female",55.9870102439707,50.0827172405165,0.746207992732525,4,-0.0568967778473925
"PT36","VIS1","TRT","Asian","Female",22.7200814079867,NA,0.517422108352184,1,-1.91435942568001
"PT36","VIS2","TRT","Asian","Female",22.7200814079867,44.6431577502289,0.654832541383803,2,1.17658331201856
"PT36","VIS3","TRT","Asian","Female",22.7200814079867,NA,0.273063671402633,3,-1.664972436212
"PT36","VIS4","TRT","Asian","Female",22.7200814079867,39.7352878809409,0.603954297304153,4,-0.463530401472386
"PT37","VIS1","PBO","White","Female",28.6105004575979,34.0616425273728,0.21760630197823,1,-1.11592010504285
"PT37","VIS2","PBO","White","Female",28.6105004575979,40.1859235065563,0.867256367392838,2,-0.750819001193448
"PT37","VIS3","PBO","White","Female",28.6105004575979,41.175841554831,0.892088357359171,3,2.08716654562835
"PT37","VIS4","PBO","White","Female",28.6105004575979,57.7666939250913,0.497151446342468,4,0.0173956196932517
"PT38","VIS1","PBO","Asian","Female",59.3026961351108,38.1846026425208,0.835718114860356,1,-1.28630053043433
"PT38","VIS2","PBO","Asian","Female",59.3026961351108,NA,0.397704112716019,2,-1.64060553441858
"PT38","VIS3","PBO","Asian","Female",59.3026961351108,47.1989256039493,0.761645956709981,3,0.450187101272656
"PT38","VIS4","PBO","Asian","Female",59.3026961351108,NA,0.547234358265996,4,-0.018559832714638
"PT39","VIS1","PBO","Asian","Female",30.0749325718923,37.327851507007,0.736536963656545,1,-0.318068374543844
"PT39","VIS2","PBO","Asian","Female",30.0749325718923,NA,0.381617396138608,2,-0.929362147453702
"PT39","VIS3","PBO","Asian","Female",30.0749325718923,43.1604837251989,0.266822138242424,3,-1.48746031014148
"PT39","VIS4","PBO","Asian","Female",30.0749325718923,41.4034888212523,0.727824499458075,4,-1.07519229661568
"PT40","VIS1","PBO","Black or African American","Male",47.9739634436676,30.1573252742902,0.646441000513732,1,1.00002880371391
"PT40","VIS2","PBO","Black or African American","Male",47.9739634436676,35.8435271616963,0.44560881126672,2,-0.621266694796823
"PT40","VIS3","PBO","Black or African American","Male",47.9739634436676,40.9524950715598,0.77714718952775,3,-1.38442684738449
"PT40","VIS4","PBO","Black or African American","Male",47.9739634436676,NA,0.581555071286857,4,1.86929062242358
"PT41","VIS1","PBO","Black or African American","Male",40.2068039613571,NA,0.692528412304819,1,0.425100377372448
"PT41","VIS2","PBO","Black or African American","Male",40.2068039613571,41.3792781132094,0.575921600870788,2,-0.238647100913033
"PT41","VIS3","PBO","Black or African American","Male",40.2068039613571,50.1731559645432,0.78124727178365,3,1.05848304870902
"PT41","VIS4","PBO","Black or African American","Male",40.2068039613571,45.3522575961833,0.751120807044208,4,0.886422651374936
"PT42","VIS1","PBO","Black or African American","Male",31.4982581711608,39.0649086377154,0.404338681139052,1,-0.619243048231147
"PT42","VIS2","PBO","Black or African American","Male",31.4982581711608,NA,0.493846561945975,2,2.20610246454047
"PT42","VIS3","PBO","Black or African American","Male",31.4982581711608,NA,0.894701971672475,3,-0.255027030141015
"PT42","VIS4","PBO","Black or African American","Male",31.4982581711608,42.1195981188242,0.239271560125053,4,-1.42449465021281
"PT43","VIS1","TRT","Black or African American","Female",43.7938819664007,29.8104197194569,0.767424639686942,1,-0.144399601954219
"PT43","VIS2","TRT","Black or African American","Female",43.7938819664007,42.5705468197795,0.416652298904955,2,0.207538339232345
"PT43","VIS3","TRT","Black or African American","Female",43.7938819664007,47.8165152763442,0.875244907289743,3,2.30797839905936
"PT43","VIS4","TRT","Black or African American","Female",43.7938819664007,68.0602383148747,0.250565173476934,4,0.105802367893711
"PT44","VIS1","TRT","Black or African American","Male",43.8876010956954,35.6207120524473,0.69937733579427,1,0.456998805423414
"PT44","VIS2","TRT","Black or African American","Male",43.8876010956954,NA,0.346775688044727,2,-0.077152935356531
"PT44","VIS3","TRT","Black or African American","Male",43.8876010956954,NA,0.403247121162713,3,-0.334000842366544
"PT44","VIS4","TRT","Black or African American","Male",43.8876010956954,NA,0.700612674467266,4,-0.0347260283112762
"PT45","VIS1","PBO","Asian","Female",30.052441499568,33.8913390908543,0.663361340388656,1,0.787639605630162
"PT45","VIS2","PBO","Asian","Female",30.052441499568,36.4280788253636,0.836474426835775,2,2.07524500865228
"PT45","VIS3","PBO","Asian","Female",30.052441499568,37.575188622107,0.73622185010463,3,1.02739243876377
"PT45","VIS4","PBO","Asian","Female",30.052441499568,58.4687343462479,0.763261570595205,4,1.2079083983867
"PT46","VIS1","PBO","Asian","Male",43.4590248262802,19.5451584387652,0.234038130007684,1,-1.23132342155804
"PT46","VIS2","PBO","Asian","Male",43.4590248262802,31.1354145766657,0.42796782348305,2,0.983895570053379
"PT46","VIS3","PBO","Asian","Male",43.4590248262802,40.899551260068,0.257002192549407,3,0.219924803660651
"PT46","VIS4","PBO","Asian","Male",43.4590248262802,NA,0.307520499452949,4,-1.46725002909224
"PT47","VIS1","TRT","Asian","Male",31.8326283770251,22.1880860205051,0.876333013549447,1,0.521022742648139
"PT47","VIS2","TRT","Asian","Male",31.8326283770251,41.0585653579927,0.749314561672509,2,-0.158754604716016
"PT47","VIS3","TRT","Asian","Male",31.8326283770251,37.3245160403123,0.378076671622694,3,1.4645873119698
"PT47","VIS4","TRT","Asian","Male",31.8326283770251,NA,0.850676422193646,4,-0.766081999604665
"PT48","VIS1","PBO","Black or African American","Male",46.5966439941644,NA,0.230709515139461,1,-0.430211753928547
"PT48","VIS2","PBO","Black or African American","Male",46.5966439941644,43.1243166457042,0.225447328202426,2,-0.926109497377437
"PT48","VIS3","PBO","Black or African American","Male",46.5966439941644,41.9934909442399,0.703250605799258,3,-0.17710396143654
"PT48","VIS4","PBO","Black or African American","Male",46.5966439941644,NA,0.808840322308242,4,0.402011779486338
"PT49","VIS1","PBO","White","Female",50.2720274162097,44.0308045342594,0.345411309041083,1,-0.731748173119606
"PT49","VIS2","PBO","White","Female",50.2720274162097,38.6641712183114,0.34886539876461,2,0.830373167981674
"PT49","VIS3","PBO","White","Female",50.2720274162097,53.4599316903673,0.887620151415467,3,-1.20808278630446
"PT49","VIS4","PBO","White","Female",50.2720274162097,NA,0.10554338414222,4,-1.04798441280774
"PT50","VIS1","TRT","Asian","Female",26.0373428378624,29.8194831203303,0.319456462189555,1,1.44115770684428
"PT50","VIS2","TRT","Asian","Female",26.0373428378624,30.438587317296,0.738435371778905,2,-1.01584746530465
"PT50","VIS3","TRT","Asian","Female",26.0373428378624,40.1809490721211,0.294935774244368,3,0.411974712317515
"PT50","VIS4","TRT","Asian","Female",26.0373428378624,NA,0.466618769615889,4,-0.38107605110892
"PT51","VIS1","TRT","Black or African American","Female",25.5829653147346,26.7857791616284,0.570873858965933,1,0.409401839650934
"PT51","VIS2","TRT","Black or African American","Female",25.5829653147346,34.5511546103998,0.814073422923684,2,1.68887328620405
"PT51","VIS3","TRT","Black or African American","Female",25.5829653147346,NA,0.199035925790668,3,1.58658843344197
"PT51","VIS4","TRT","Black or African American","Female",25.5829653147346,40.064211927119,0.510647212900221,4,-0.330907800682766
"PT52","VIS1","TRT","Black or African American","Female",52.9704465764288,NA,0.630912176519632,1,-2.28523553529247
"PT52","VIS2","TRT","Black or African American","Female",52.9704465764288,43.0932869037486,0.712433600053191,2,2.49766158983416
"PT52","VIS3","TRT","Black or African American","Female",52.9704465764288,NA,0.174100939370692,3,0.667066166765493
"PT52","VIS4","TRT","Black or African American","Female",52.9704465764288,45.7156741290161,0.154115626588464,4,0.5413273359637
"PT53","VIS1","PBO","White","Male",37.8960013638073,40.7499229477919,0.544878665916622,1,-0.0133995231459087
"PT53","VIS2","PBO","White","Male",37.8960013638073,44.7463452250239,0.621054725721478,2,0.510108422952926
"PT53","VIS3","PBO","White","Male",37.8960013638073,NA,0.33677015081048,3,-0.164375831769667
"PT53","VIS4","PBO","White","Male",37.8960013638073,NA,0.656403906457126,4,0.420694643254513
"PT54","VIS1","TRT","White","Female",41.5431495518378,NA,0.402135965228081,1,-0.400246743977644
"PT54","VIS2","TRT","White","Female",41.5431495518378,NA,0.308769552968442,2,-1.37020787754746
"PT54","VIS3","TRT","White","Female",41.5431495518378,NA,0.852127189934254,3,0.987838267454879
"PT54","VIS4","TRT","White","Female",41.5431495518378,NA,0.444711958244443,4,1.51974502549955
"PT55","VIS1","TRT","Asian","Male",50.7093260632591,40.146740062887,0.361651667580009,1,-0.308740569225614
"PT55","VIS2","TRT","Asian","Male",50.7093260632591,48.7585902326534,0.527926510572433,2,-1.25328975560769
"PT55","VIS3","TRT","Asian","Male",50.7093260632591,46.4346176320273,0.600753293372691,3,0.642241305677824
"PT55","VIS4","TRT","Asian","Male",50.7093260632591,NA,0.236337589472532,4,-0.0447091368939791
"PT56","VIS1","PBO","Black or African American","Male",39.5628962917648,29.3398983772024,0.187453043460846,1,-1.73321840682484
"PT56","VIS2","PBO","Black or African American","Male",39.5628962917648,NA,0.185823026113212,2,0.00213185968026965
"PT56","VIS3","PBO","Black or African American","Male",39.5628962917648,NA,0.1741934183985,3,-0.630300333928146
"PT56","VIS4","PBO","Black or African American","Male",39.5628962917648,47.9316461503698,0.527660423703492,4,-0.340968579860405
"PT57","VIS1","TRT","Black or African American","Male",39.364331875469,NA,0.817111371643841,1,-1.15657236263585
"PT57","VIS2","TRT","Black or African American","Male",39.364331875469,41.1163153323782,0.668020815216005,2,1.80314190791747
"PT57","VIS3","TRT","Black or African American","Male",39.364331875469,47.0588875958546,0.82516333758831,3,-0.331132036391221
"PT57","VIS4","TRT","Black or African American","Male",39.364331875469,52.2459909191061,0.44935088660568,4,-1.60551341225308
"PT58","VIS1","TRT","White","Female",56.7702732057735,NA,0.474255114234984,1,0.197193438739481
"PT58","VIS2","TRT","White","Female",56.7702732057735,54.1423582237884,0.578495609760284,2,0.263175646405474
"PT58","VIS3","TRT","White","Female",56.7702732057735,50.4461795794703,0.345398305356503,3,-0.985826700409291
"PT58","VIS4","TRT","White","Female",56.7702732057735,NA,0.557600679248571,4,-2.88892067167955
"PT59","VIS1","TRT","White","Female",47.800421972317,37.5365746467935,0.483362523280084,1,-0.640481702565115
"PT59","VIS2","TRT","White","Female",47.800421972317,NA,0.65729358419776,2,0.570507635920485
"PT59","VIS3","TRT","White","Female",47.800421972317,49.458402750744,0.68822387997061,3,-0.05972327604261
"PT59","VIS4","TRT","White","Female",47.800421972317,59.1286632704657,0.513250913098454,4,-0.0981787440052344
"PT60","VIS1","TRT","Black or African American","Female",33.4642577331604,40.3126765030212,0.888297085277736,1,0.560820728620116
"PT60","VIS2","TRT","Black or African American","Female",33.4642577331604,39.660494162795,0.834383406490088,2,-1.18645863857947
"PT60","VIS3","TRT","Black or African American","Female",33.4642577331604,50.8972594942341,0.477990340441465,3,1.09677704427424
"PT60","VIS4","TRT","Black or African American","Female",33.4642577331604,56.1311646800357,0.404501322284341,4,-0.00534402827816569
"PT61","VIS1","TRT","Asian","Male",40.9366104640865,32.8298119674811,0.851048293896019,1,0.707310667398079
"PT61","VIS2","TRT","Asian","Male",40.9366104640865,46.5383725113615,0.855581634677947,2,1.03410773473746
"PT61","VIS3","TRT","Asian","Male",40.9366104640865,NA,0.825459724105895,3,0.223480414915304
"PT61","VIS4","TRT","Asian","Male",40.9366104640865,51.8126456969796,0.727502158842981,4,-0.878707612866019
"PT62","VIS1","PBO","Asian","Female",37.1390523231625,NA,0.601064853183925,1,1.16296455596733
"PT62","VIS2","PBO","Asian","Female",37.1390523231625,29.9193903410797,0.640514970757067,2,-2.00016494478548
"PT62","VIS3","PBO","Asian","Female",37.1390523231625,NA,0.849687803536654,3,-0.544790740001725
"PT62","VIS4","PBO","Asian","Female",37.1390523231625,NA,0.527621720731258,4,-0.255670709156989
"PT63","VIS1","PBO","White","Female",42.9701052596686,NA,0.369432020746172,1,-0.166121036765006
"PT63","VIS2","PBO","White","Female",42.9701052596686,51.0565645670901,0.732536618411541,2,1.02046390878411
"PT63","VIS3","PBO","White","Female",42.9701052596686,50.5005863252363,0.198611657321453,3,0.136221893102778
"PT63","VIS4","PBO","White","Female",42.9701052596686,64.1138789710672,0.867302657663822,4,0.407167603423836
"PT64","VIS1","PBO","Black or African American","Female",31.0918870315101,32.2184328847036,0.125993593595922,1,-0.0696548130129049
"PT64","VIS2","PBO","Black or African American","Female",31.0918870315101,29.6473215649774,0.307751347124577,2,-0.247664341619331
"PT64","VIS3","PBO","Black or African American","Female",31.0918870315101,NA,0.801144201122224,3,0.69555080661964
"PT64","VIS4","PBO","Black or African American","Female",31.0918870315101,45.0991872944211,0.776499575376511,4,1.1462283572158
"PT65","VIS1","TRT","Asian","Female",29.5884987952089,39.7565915735963,0.113483122549951,1,-2.40309621489187
"PT65","VIS2","TRT","Asian","Female",29.5884987952089,37.2889374610346,0.246912696398795,2,0.57273955524584
"PT65","VIS3","TRT","Asian","Female",29.5884987952089,44.801446093303,0.192673704586923,3,0.374724406778655
"PT65","VIS4","TRT","Asian","Female",29.5884987952089,65.9591971010723,0.482731696404517,4,-0.425267721556076
"PT66","VIS1","TRT","Asian","Male",30.7641906896512,33.4343937832106,0.859779906645417,1,0.951012807576816
"PT66","VIS2","TRT","Asian","Male",30.7641906896512,33.5704221593812,0.760590152442455,2,-0.389237181718379
"PT66","VIS3","TRT","Asian","Male",30.7641906896512,39.9154325252401,0.749246967956424,3,-0.284330661799574
"PT66","VIS4","TRT","Asian","Male",30.7641906896512,49.5709770592043,0.832589544169605,4,0.857409778079803
"PT67","VIS1","TRT","White","Female",25.6012903439822,38.9163433148282,0.66013221591711,1,1.7196272991206
"PT67","VIS2","TRT","White","Female",25.6012903439822,36.6901092198306,0.166430856846273,2,0.270054900937229
"PT67","VIS3","TRT","White","Female",25.6012903439822,45.66664973436,0.194460908137262,3,-0.42218400978764
"PT67","VIS4","TRT","White","Female",25.6012903439822,52.0743142327902,0.734919724240899,4,-1.18911329485959
"PT68","VIS1","TRT","White","Female",21.9389343963318,42.2141123738001,0.896835068240762,1,-0.33103297887901
"PT68","VIS2","TRT","White","Female",21.9389343963318,45.0290084334187,0.652828521467745,2,-0.939829326510021
"PT68","VIS3","TRT","White","Female",21.9389343963318,NA,0.21787134539336,3,-0.258932583118785
"PT68","VIS4","TRT","White","Female",21.9389343963318,NA,0.354278254322708,4,0.394379168221572
"PT69","VIS1","PBO","Black or African American","Male",51.7418967836808,30.98337505602,0.224783113226295,1,-0.851857092023863
"PT69","VIS2","PBO","Black or African American","Male",51.7418967836808,44.7293191856034,0.896202838234603,2,2.64916688109488
"PT69","VIS3","PBO","Black or African American","Male",51.7418967836808,40.6871090127565,0.698581818304956,3,0.156011675665079
"PT69","VIS4","PBO","Black or African American","Male",51.7418967836808,34.7152985075964,0.414431472122669,4,1.13020726745494
"PT70","VIS1","PBO","Black or African American","Male",43.3480509677197,27.3075248057024,0.54111305847764,1,-2.28912397984011
"PT70","VIS2","PBO","Black or African American","Male",43.3480509677197,37.3158452376526,0.123528041318059,2,0.741001157195439
"PT70","VIS3","PBO","Black or African American","Male",43.3480509677197,NA,0.36904160194099,3,-1.31624516045156
"PT70","VIS4","PBO","Black or African American","Male",43.3480509677197,44.829998571432,0.786703341081738,4,0.919803677609141
"PT71","VIS1","TRT","Asian","Male",41.1436548217303,32.9304200543079,0.201670508831739,1,0.398130155451956
"PT71","VIS2","TRT","Asian","Male",41.1436548217303,44.9191141900494,0.733195583336055,2,-0.407528579269772
"PT71","VIS3","TRT","Asian","Male",41.1436548217303,45.6863567810537,0.178305513970554,3,1.32425863017727
"PT71","VIS4","TRT","Asian","Male",41.1436548217303,65.9879986592708,0.115322772040963,4,-0.70123166924692
"PT72","VIS1","TRT","Asian","Female",37.1028641706766,46.6012995458638,0.320817935839295,1,-0.580614304240536
"PT72","VIS2","TRT","Asian","Female",37.1028641706766,40.8978597989422,0.428921524807811,2,-1.00107218102542
"PT72","VIS3","TRT","Asian","Female",37.1028641706766,46.6670831878491,0.153361462056637,3,-0.668178606753393
"PT72","VIS4","TRT","Asian","Female",37.1028641706766,NA,0.737225251458585,4,0.945184953373082
"PT73","VIS1","PBO","White","Male",43.4643182156491,NA,0.505060194432735,1,0.433702149545162
"PT73","VIS2","PBO","White","Male",43.4643182156491,NA,0.514899055100977,2,1.00515921767704
"PT73","VIS3","PBO","White","Male",43.4643182156491,43.8326980775786,0.664367961138487,3,-0.390118664053679
"PT73","VIS4","PBO","White","Male",43.4643182156491,44.1160378195817,0.765295266360045,4,0.376370291774648
"PT74","VIS1","PBO","White","Female",35.5114379601365,38.2961170481372,0.14871714413166,1,0.244164924486494
"PT74","VIS2","PBO","White","Female",35.5114379601365,NA,0.369468620605767,2,-1.42625734238254
"PT74","VIS3","PBO","White","Female",35.5114379601365,51.3857020124789,0.74179277010262,3,1.77842928747545
"PT74","VIS4","PBO","White","Female",35.5114379601365,56.20979253798,0.326802028529346,4,0.134447660933676
"PT75","VIS1","PBO","White","Male",31.2477270138657,NA,0.751901715248823,1,0.765598999157864
"PT75","VIS2","PBO","White","Male",31.2477270138657,43.4581919356468,0.272066490910947,2,0.955136676908982
"PT75","VIS3","PBO","White","Male",31.2477270138657,38.3874118922626,0.544122271426022,3,-0.0505657014422701
"PT75","VIS4","PBO","White","Male",31.2477270138657,56.4281788631639,0.112422161176801,4,-0.305815419766971
"PT76","VIS1","TRT","White","Male",35.6187135325583,39.0504953863914,0.142150652967393,1,0.893673702425513
"PT76","VIS2","TRT","White","Male",35.6187135325583,NA,0.578925825469196,2,-1.0472981490613
"PT76","VIS3","TRT","White","Male",35.6187135325583,NA,0.666632517240942,3,1.97133738622415
"PT76","VIS4","TRT","White","Male",35.6187135325583,54.092000430594,0.62275252789259,4,-0.383632106288362
"PT77","VIS1","TRT","Asian","Male",33.2753821052669,31.405206820251,0.56193117480725,1,1.65414530227499
"PT77","VIS2","TRT","Asian","Male",33.2753821052669,46.1332964878005,0.642628426477313,2,1.51221269395063
"PT77","VIS3","TRT","Asian","Male",33.2753821052669,45.298445899989,0.267982309497893,3,0.082965733585914
"PT77","VIS4","TRT","Asian","Male",33.2753821052669,28.0693562125058,0.289584083855152,4,0.5672209148515
"PT78","VIS1","TRT","White","Female",37.0247041115401,NA,0.465400214120746,1,-1.02454847953446
"PT78","VIS2","TRT","White","Female",37.0247041115401,42.5028271169073,0.372121061570942,2,0.323006503022436
"PT78","VIS3","TRT","White","Female",37.0247041115401,46.4536786257425,0.420742148905992,3,1.04361245835618
"PT78","VIS4","TRT","White","Female",37.0247041115401,64.9736634949371,0.445353776030243,4,0.0990784868971982
"PT79","VIS1","PBO","Asian","Female",41.2724694341916,NA,0.864298448525369,1,-0.45413690915436
"PT79","VIS2","PBO","Asian","Female",41.2724694341916,NA,0.277823257446289,2,-0.65578185245044
"PT79","VIS3","PBO","Asian","Female",41.2724694341916,NA,0.392248634435236,3,-0.0359224226225114
"PT79","VIS4","PBO","Asian","Female",41.2724694341916,43.9784668248923,0.805980291031301,4,1.0691614606768
"PT80","VIS1","TRT","Asian","Male",50.3382693151733,35.3346642159936,0.521613167971373,1,-0.483974930301277
"PT80","VIS2","TRT","Asian","Male",50.3382693151733,39.3437824477275,0.568570176139474,2,-0.121010111327444
"PT80","VIS3","TRT","Asian","Male",50.3382693151733,41.2763307272225,0.306129709631205,3,-1.29414000382084
"PT80","VIS4","TRT","Asian","Male",50.3382693151733,NA,0.795095195621252,4,0.494312836014856
"PT81","VIS1","PBO","White","Male",34.2934898634697,NA,0.35032236520201,1,1.30790152011415
"PT81","VIS2","PBO","White","Male",34.2934898634697,39.8305838501124,0.638288126513362,2,1.49704100940278
"PT81","VIS3","PBO","White","Male",34.2934898634697,43.4967326326944,0.59529015943408,3,0.814702730897356
"PT81","VIS4","PBO","White","Male",34.2934898634697,44.0611399008182,0.422819316759706,4,-1.86978879020261
"PT82","VIS1","PBO","Black or African American","Female",46.100432418107,41.4374219855891,0.423520113900304,1,0.48202950412376
"PT82","VIS2","PBO","Black or African American","Female",46.100432418107,NA,0.869868786633015,2,0.456135603301202
"PT82","VIS3","PBO","Black or African American","Female",46.100432418107,46.1695427915753,0.351998095400631,3,-0.353400285829911
"PT82","VIS4","PBO","Black or African American","Female",46.100432418107,54.2402437376896,0.112696638330817,4,0.170489470947982
"PT83","VIS1","TRT","White","Male",45.2498504459296,36.6183130045018,0.228517480194569,1,-0.864035954126904
"PT83","VIS2","TRT","White","Male",45.2498504459296,42.0927227148911,0.283405041508377,2,0.679230774015656
"PT83","VIS3","TRT","White","Male",45.2498504459296,50.695561403638,0.411591809056699,3,-0.327101014653104
"PT83","VIS4","TRT","White","Male",45.2498504459296,51.7256338573943,0.779274531640112,4,-1.56908218514395
"PT84","VIS1","PBO","Asian","Female",31.9869826081166,NA,0.689311070740223,1,-0.367450756170482
"PT84","VIS2","PBO","Asian","Female",31.9869826081166,NA,0.639877810142934,2,1.36443492906985
"PT84","VIS3","PBO","Asian","Female",31.9869826081166,NA,0.186017037183046,3,-0.334281364731164
"PT84","VIS4","PBO","Asian","Female",31.9869826081166,53.8994742373346,0.147527011856437,4,0.732750042209102
"PT85","VIS1","PBO","Asian","Female",40.0787312099345,NA,0.8689283516258,1,0.946585640197786
"PT85","VIS2","PBO","Asian","Female",40.0787312099345,NA,0.683759197965264,2,0.00439870432637403
"PT85","VIS3","PBO","Asian","Female",40.0787312099345,39.944202407111,0.492443176172674,3,-0.352322305549849
"PT85","VIS4","PBO","Asian","Female",40.0787312099345,56.4248179380792,0.804766985960305,4,-0.529695509133504
"PT86","VIS1","TRT","Black or African American","Female",29.1455629860155,41.8638504795845,0.56338289193809,1,0.739589225574796
"PT86","VIS2","TRT","Black or African American","Female",29.1455629860155,34.5641955551398,0.655469377525151,2,-1.06345741548281
"PT86","VIS3","TRT","Black or African American","Female",29.1455629860155,38.6892677093886,0.828832735493779,3,0.2462108435364
"PT86","VIS4","TRT","Black or African American","Female",29.1455629860155,62.8874308736344,0.77028496004641,4,-0.289499366564312
"PT87","VIS1","PBO","White","Male",39.3222451973898,28.8534279261501,0.511510496400297,1,-2.26488935648794
"PT87","VIS2","PBO","White","Male",39.3222451973898,NA,0.601265823282301,2,-1.40885045607319
"PT87","VIS3","PBO","White","Male",39.3222451973898,49.2949547443032,0.7361562224105,3,0.916019328792574
"PT87","VIS4","PBO","White","Male",39.3222451973898,NA,0.855050868913531,4,-0.1912789505352
"PT88","VIS1","PBO","Black or African American","Female",45.5599093357387,28.7402939811049,0.13545179925859,1,0.803283216133648
"PT88","VIS2","PBO","Black or African American","Female",45.5599093357387,NA,0.702786405012012,2,1.8874744633086
"PT88","VIS3","PBO","Black or African American","Female",45.5599093357387,43.599938721823,0.647779229469597,3,1.47388118110914
"PT88","VIS4","PBO","Black or African American","Female",45.5599093357387,57.3861647962001,0.5979018015787,4,0.677268492312998
"PT89","VIS1","PBO","Black or African American","Male",32.1325921378626,35.3682432911851,0.89479680005461,1,0.379962686566745
"PT89","VIS2","PBO","Black or African American","Male",32.1325921378626,43.0610999519497,0.608522188290954,2,-0.192798426457334
"PT89","VIS3","PBO","Black or African American","Male",32.1325921378626,31.2755121040499,0.624739431776106,3,1.5778917949044
"PT89","VIS4","PBO","Black or African American","Male",32.1325921378626,54.1324524047697,0.681957795843482,4,0.596234109318454
"PT90","VIS1","PBO","Asian","Male",36.3717834780296,25.9704992904188,0.568148321844637,1,-1.17357694087136
"PT90","VIS2","PBO","Asian","Male",36.3717834780296,NA,0.560218103788793,2,-0.155642534890318
"PT90","VIS3","PBO","Asian","Male",36.3717834780296,NA,0.127765803970397,3,-1.91890982026984
"PT90","VIS4","PBO","Asian","Male",36.3717834780296,NA,0.729618044197559,4,-0.195258846110637
"PT91","VIS1","TRT","White","Female",41.351740136813,NA,0.244762364216149,1,-2.59232766994599
"PT91","VIS2","TRT","White","Female",41.351740136813,NA,0.23466168269515,2,1.31400216719805
"PT91","VIS3","TRT","White","Female",41.351740136813,51.1749327563686,0.484353471174836,3,-0.635543001032135
"PT91","VIS4","TRT","White","Female",41.351740136813,48.4404327843467,0.294035512581468,4,-0.429978838694188
"PT92","VIS1","TRT","White","Female",25.6736796343939,43.331284857075,0.374077086895704,1,-0.169318332301963
"PT92","VIS2","TRT","White","Female",25.6736796343939,NA,0.673851910419762,2,0.612218173989128
"PT92","VIS3","TRT","White","Female",25.6736796343939,55.9354636192356,0.796673846244812,3,0.6783401772227
"PT92","VIS4","TRT","White","Female",25.6736796343939,54.1531208718884,0.303205663897097,4,0.567951972471672
"PT93","VIS1","PBO","Black or African American","Male",45.7715600365379,NA,0.734077462367713,1,-0.572542603926126
"PT93","VIS2","PBO","Black or African American","Male",45.7715600365379,40.6025198890182,0.557187180779874,2,-1.36329125627834
"PT93","VIS3","PBO","Black or African American","Male",45.7715600365379,44.4471480304115,0.524365223944187,3,-0.388722244337901
"PT93","VIS4","PBO","Black or African American","Male",45.7715600365379,40.5416104142802,0.727636911906302,4,0.277914132450543
"PT94","VIS1","PBO","Asian","Female",40.3111405035602,33.9556317187084,0.841593452170491,1,-0.823081121572025
"PT94","VIS2","PBO","Asian","Female",40.3111405035602,NA,0.597348280623555,2,-0.0688409344784646
"PT94","VIS3","PBO","Asian","Female",40.3111405035602,43.6780230032242,0.616674308851361,3,-1.1676623261298
"PT94","VIS4","PBO","Asian","Female",40.3111405035602,42.7602310250723,0.447515169717371,4,-0.0083090142156068
"PT95","VIS1","PBO","Asian","Female",37.5145565749662,NA,0.445719678886235,1,0.128855401597405
"PT95","VIS2","PBO","Asian","Female",37.5145565749662,42.8267835370827,0.880089429020882,2,-0.145875628461003
"PT95","VIS3","PBO","Asian","Female",37.5145565749662,39.5921798659136,0.346207132190466,3,-0.163910956736068
"PT95","VIS4","PBO","Asian","Female",37.5145565749662,NA,0.465734359808266,4,1.76355200278492
"PT96","VIS1","PBO","Black or African American","Female",40.2925934133489,33.4921565789417,0.665291847474873,1,0.762586512418318
"PT96","VIS2","PBO","Black or African American","Female",40.2925934133489,35.3926637218504,0.748824679292738,2,1.11143108073063
"PT96","VIS3","PBO","Black or African American","Female",40.2925934133489,NA,0.345371278561652,3,-0.923206952829831
"PT96","VIS4","PBO","Black or African American","Female",40.2925934133489,42.3626625521885,0.642444438673556,4,0.164341838427956
"PT97","VIS1","TRT","White","Male",37.236485427297,48.5436826453861,0.727439429424703,1,1.15482518709727
"PT97","VIS2","TRT","White","Male",37.236485427297,43.943663441777,0.78812918253243,2,-0.0565214245264898
"PT97","VIS3","TRT","White","Male",37.236485427297,NA,0.594618768617511,3,-2.12936064823465
"PT97","VIS4","TRT","White","Male",37.236485427297,47.9120397698653,0.25082250200212,4,0.344845762099456
"PT98","VIS1","PBO","Asian","Male",39.7314388303462,20.7292765257638,0.823951962217689,1,-1.90495544558553
"PT98","VIS2","PBO","Asian","Male",39.7314388303462,28.0059942699273,0.125677422992885,2,-0.811170153140217
"PT98","VIS3","PBO","Asian","Male",39.7314388303462,40.1925540768518,0.730152474530041,3,1.3240043212996
"PT98","VIS4","PBO","Asian","Male",39.7314388303462,37.793604182177,0.783519997633994,4,0.615636849302674
"PT99","VIS1","PBO","Black or African American","Male",47.6923078970008,NA,0.742061251215637,1,1.09166895553536
"PT99","VIS2","PBO","Black or African American","Male",47.6923078970008,36.7517721978528,0.234396759606898,2,0.306604861513632
"PT99","VIS3","PBO","Black or African American","Male",47.6923078970008,NA,0.362941989861429,3,-0.110158762482857
"PT99","VIS4","PBO","Black or African American","Male",47.6923078970008,NA,0.259491853602231,4,-0.924312773127284
"PT100","VIS1","PBO","Black or African American","Female",51.8418765240439,34.5982228915951,0.362015070393682,1,1.5929137537192
"PT100","VIS2","PBO","Black or African American","Female",51.8418765240439,39.3203430523541,0.404487485066056,2,0.0450105981218803
"PT100","VIS3","PBO","Black or African American","Female",51.8418765240439,40.6570187465529,0.504246229864657,3,-0.715128400667883
"PT100","VIS4","PBO","Black or African American","Female",51.8418765240439,NA,0.200804184190929,4,0.865223099717138
"PT101","VIS1","TRT","White","Male",38.9802754982431,NA,0.160384356603026,1,1.0744409582779
"PT101","VIS2","TRT","White","Male",38.9802754982431,43.0325468134515,0.479507393017411,2,1.89565477419858
"PT101","VIS3","TRT","White","Male",38.9802754982431,54.657154396814,0.31167163643986,3,-0.602997303605094
"PT101","VIS4","TRT","White","Male",38.9802754982431,NA,0.284596858546138,4,-0.390867820723137
"PT102","VIS1","PBO","Asian","Female",52.1799648249201,35.5574150611188,0.576959509216249,1,-0.416222031530192
"PT102","VIS2","PBO","Asian","Female",52.1799648249201,43.7021525859281,0.227140463143587,2,-0.375657422820391
"PT102","VIS3","PBO","Asian","Female",52.1799648249201,42.5215686957666,0.784043870307505,3,-0.366630945702358
"PT102","VIS4","PBO","Asian","Female",52.1799648249201,54.89336592069,0.289963036589324,4,-0.295677452700886
"PT103","VIS1","PBO","Asian","Female",26.9926286358075,32.034600290722,0.73768935892731,1,1.44182041019987
"PT103","VIS2","PBO","Asian","Female",26.9926286358075,29.4510725830821,0.162788473442197,2,-0.697538291913041
"PT103","VIS3","PBO","Asian","Female",26.9926286358075,45.351381398321,0.533516906015575,3,-0.38816750592136
"PT103","VIS4","PBO","Asian","Female",26.9926286358075,NA,0.673555695638061,4,0.652536452171517
"PT104","VIS1","PBO","Black or African American","Female",27.0431938288873,38.7378400615397,0.132623468898237,1,1.12477244653513
"PT104","VIS2","PBO","Black or African American","Female",27.0431938288873,NA,0.120480358228087,2,-0.772110803023928
"PT104","VIS3","PBO","Black or African American","Female",27.0431938288873,41.4228346500165,0.692493144981563,3,-0.508086216138287
"PT104","VIS4","PBO","Black or African American","Female",27.0431938288873,47.3238478987466,0.716119253076613,4,0.523620590498017
"PT105","VIS1","TRT","Black or African American","Female",38.5874934233194,NA,0.530942551791668,1,1.01775422653797
"PT105","VIS2","TRT","Black or African American","Female",38.5874934233194,47.5530954619731,0.410509153082967,2,-0.251164588087978
"PT105","VIS3","TRT","Black or African American","Female",38.5874934233194,49.0650897136863,0.475534162484109,3,-1.42999344738861
"PT105","VIS4","TRT","Black or African American","Female",38.5874934233194,NA,0.197989187762141,4,1.70912103210088
"PT106","VIS1","TRT","Asian","Female",44.3104650806499,29.2259099945202,0.771511364728212,1,1.43506957231162
"PT106","VIS2","TRT","Asian","Female",44.3104650806499,40.0817491470023,0.313896427489817,2,-0.71037114584988
"PT106","VIS3","TRT","Asian","Female",44.3104650806499,45.6814162402899,0.25608087554574,3,-0.0650675736555838
"PT106","VIS4","TRT","Asian","Female",44.3104650806499,41.4740302494605,0.301040126010776,4,-1.75946873536593
"PT107","VIS1","PBO","White","Female",41.4646123048454,NA,0.41130632609129,1,0.569722971819101
"PT107","VIS2","PBO","White","Female",41.4646123048454,NA,0.774879684299231,2,1.61234679820178
"PT107","VIS3","PBO","White","Female",41.4646123048454,42.5197021981208,0.884477945044637,3,-1.63728064710472
"PT107","VIS4","PBO","White","Female",41.4646123048454,69.3609871375664,0.345055755414069,4,-0.779568513201747
"PT108","VIS1","TRT","White","Male",50.9970428058589,42.3976012259366,0.31633342243731,1,-0.641176933750564
"PT108","VIS2","TRT","White","Male",50.9970428058589,43.7237626522574,0.598350077681243,2,-0.681131393571156
"PT108","VIS3","TRT","White","Male",50.9970428058589,49.4760130015925,0.599081441015005,3,-2.03328559561795
"PT108","VIS4","TRT","White","Male",50.9970428058589,51.9418844455845,0.144632175005972,4,0.500963559247907
"PT109","VIS1","PBO","Black or African American","Female",42.2622122243584,NA,0.696373768150806,1,-1.53179813996574
"PT109","VIS2","PBO","Black or African American","Female",42.2622122243584,40.5910018621379,0.34867068938911,2,-0.0249976392782635
"PT109","VIS3","PBO","Black or African American","Female",42.2622122243584,39.9783323991815,0.13401314560324,3,0.592984721025293
"PT109","VIS4","PBO","Black or African American","Female",42.2622122243584,31.6904914265601,0.553842034749687,4,-0.19819542148464
"PT110","VIS1","TRT","Asian","Male",34.1662699663631,NA,0.113116626255214,1,0.892008392473526
"PT110","VIS2","TRT","Asian","Male",34.1662699663631,37.2051732355152,0.80069223549217,2,-0.0257150709181537
"PT110","VIS3","TRT","Asian","Male",34.1662699663631,46.2873956359519,0.521986835077405,3,-0.647660450585665
"PT110","VIS4","TRT","Asian","Male",34.1662699663631,NA,0.187565084919333,4,0.64635941503464
"PT111","VIS1","PBO","White","Female",37.0077225348272,NA,0.745803225971758,1,-0.433832740029588
"PT111","VIS2","PBO","White","Female",37.0077225348272,NA,0.747261795029044,2,1.7726111849785
"PT111","VIS3","PBO","White","Female",37.0077225348272,NA,0.108807501010597,3,-0.0182597111630101
"PT111","VIS4","PBO","White","Female",37.0077225348272,41.5872047692088,0.646725840494037,4,0.852814993600531
"PT112","VIS1","PBO","Black or African American","Female",40.2566883033803,32.1736472515755,0.452245795354247,1,0.205162903244026
"PT112","VIS2","PBO","Black or African American","Female",40.2566883033803,NA,0.822468082793057,2,-3.00804859892048
"PT112","VIS3","PBO","Black or African American","Female",40.2566883033803,40.6937538737774,0.415239043720067,3,-1.36611193132898
"PT112","VIS4","PBO","Black or African American","Female",40.2566883033803,NA,0.103403429314494,4,-0.424102260144812
"PT113","VIS1","PBO","Asian","Male",41.8803983551255,32.2877066429042,0.870703983306885,1,0.236803663745558
"PT113","VIS2","PBO","Asian","Male",41.8803983551255,41.7620518906596,0.873548194020987,2,-2.34272312035896
"PT113","VIS3","PBO","Asian","Male",41.8803983551255,40.0676750094139,0.69943476933986,3,0.961696633380712
"PT113","VIS4","PBO","Asian","Male",41.8803983551255,NA,0.420033111609519,4,-0.60442573385444
"PT114","VIS1","PBO","Black or African American","Male",40.209544417035,29.1421278656197,0.433685263805091,1,-0.752877279362913
"PT114","VIS2","PBO","Black or African American","Male",40.209544417035,39.5098875516054,0.758093216083944,2,-1.55561159254425
"PT114","VIS3","PBO","Black or African American","Male",40.209544417035,43.3234912353614,0.50388799328357,3,-1.45389373800106
"PT114","VIS4","PBO","Black or African American","Male",40.209544417035,47.1675585671609,0.657005566358566,4,0.0563318360544103
"PT115","VIS1","PBO","Asian","Female",41.0632205665618,40.9302007459386,0.849999637529254,1,0.509369406673892
"PT115","VIS2","PBO","Asian","Female",41.0632205665618,42.1940595663724,0.304777162149549,2,-2.0978829597843
"PT115","VIS3","PBO","Asian","Female",41.0632205665618,41.2105741581187,0.524643442966044,3,-1.00436197944933
"PT115","VIS4","PBO","Asian","Female",41.0632205665618,NA,0.17352178953588,4,0.535771722252592
"PT116","VIS1","TRT","Black or African American","Male",29.8293088888757,38.5433023971297,0.525007987767458,1,-0.453037084649918
"PT116","VIS2","TRT","Black or African American","Male",29.8293088888757,NA,0.839531829766929,2,2.16536850181726
"PT116","VIS3","TRT","Black or African American","Male",29.8293088888757,43.9632392368168,0.274330373108387,3,1.24574667274811
"PT116","VIS4","TRT","Black or African American","Male",29.8293088888757,42.6765164720655,0.788868905976415,4,0.595498034069596
"PT117","VIS1","PBO","Black or African American","Male",49.2339034881485,22.7958356405137,0.552913387864828,1,0.0048844495381889
"PT117","VIS2","PBO","Black or African American","Male",49.2339034881485,NA,0.417984846048057,2,0.279360782055259
"PT117","VIS3","PBO","Black or African American","Male",49.2339034881485,NA,0.583696227520704,3,-0.705906125267626
"PT117","VIS4","PBO","Black or African American","Male",49.2339034881485,NA,0.401102349348366,4,0.628017152957251
"PT118","VIS1","PBO","Asian","Female",35.3155415825624,31.4355895357687,0.750781268253922,1,1.4802139600857
"PT118","VIS2","PBO","Asian","Female",35.3155415825624,38.8506362628793,0.333831185102463,2,1.08342991008328
"PT118","VIS3","PBO","Asian","Female",35.3155415825624,48.2428809252268,0.355945771373808,3,-0.813244256664091
"PT118","VIS4","PBO","Asian","Female",35.3155415825624,NA,0.433596068806946,4,-1.61887684922359
"PT119","VIS1","TRT","White","Male",48.6957920953705,44.7130244377783,0.720709286630154,1,-0.109655699488241
"PT119","VIS2","TRT","White","Male",48.6957920953705,51.8537031756794,0.612409671954811,2,0.440889370916978
"PT119","VIS3","TRT","White","Male",48.6957920953705,NA,0.308417754434049,3,1.3509939798086
"PT119","VIS4","TRT","White","Male",48.6957920953705,NA,0.35014631524682,4,-1.31860948453356
"PT120","VIS1","PBO","Asian","Female",53.2484943226897,30.5675690617992,0.687912419252098,1,0.364384592607448
"PT120","VIS2","PBO","Asian","Female",53.2484943226897,NA,0.720528325811029,2,0.233499835088518
"PT120","VIS3","PBO","Asian","Female",53.2484943226897,NA,0.578448407910764,3,1.19395526125905
"PT120","VIS4","PBO","Asian","Female",53.2484943226897,NA,0.193285566940904,4,-0.0279099721295774
"PT121","VIS1","TRT","Black or African American","Male",30.3356963052086,NA,0.293551982566714,1,-0.357298854504253
"PT121","VIS2","TRT","Black or African American","Male",30.3356963052086,NA,0.311477591842413,2,-1.14681413611837
"PT121","VIS3","TRT","Black or African American","Male",30.3356963052086,NA,0.328176549449563,3,-0.517420483593623
"PT121","VIS4","TRT","Black or African American","Male",30.3356963052086,59.9047257347836,0.527057644538581,4,-0.362123772578272
"PT122","VIS1","PBO","Asian","Female",39.726788231142,NA,0.417515494301915,1,2.35055432578911
"PT122","VIS2","PBO","Asian","Female",39.726788231142,NA,0.615312673524022,2,2.44653137569996
"PT122","VIS3","PBO","Asian","Female",39.726788231142,49.7615036674058,0.214952312596142,3,-0.166703279484276
"PT122","VIS4","PBO","Asian","Female",39.726788231142,NA,0.793012312613428,4,-1.04366743906189
"PT123","VIS1","PBO","White","Female",38.4524460695606,47.2198511484004,0.466115940921009,1,-1.97293493407467
"PT123","VIS2","PBO","White","Female",38.4524460695606,40.3452500474539,0.819618719629943,2,0.514671633438029
"PT123","VIS3","PBO","White","Female",38.4524460695606,48.2979278328394,0.72374181933701,3,-1.09057358373486
"PT123","VIS4","PBO","White","Female",38.4524460695606,NA,0.752437398396432,4,2.28465932554436
"PT124","VIS1","TRT","Asian","Female",60.239006638695,NA,0.897597233206034,1,-0.885617572657959
"PT124","VIS2","TRT","Asian","Female",60.239006638695,44.3963395569965,0.571839762479067,2,0.111106429745722
"PT124","VIS3","TRT","Asian","Female",60.239006638695,41.714211149654,0.473243321105838,3,3.81027668071067
"PT124","VIS4","TRT","Asian","Female",60.239006638695,47.3753496093942,0.364790016785264,4,-1.10890999794325
"PT125","VIS1","PBO","White","Male",42.3311050964594,42.0379700910901,0.665304386429489,1,0.307566624421454
"PT125","VIS2","PBO","White","Male",42.3311050964594,37.5610027001214,0.705903296172619,2,-1.10689447222516
"PT125","VIS3","PBO","White","Male",42.3311050964594,45.1179275650051,0.719386669434607,3,0.34765364882196
"PT125","VIS4","PBO","White","Male",42.3311050964594,NA,0.797009775973856,4,-0.873264535062044
"PT126","VIS1","TRT","Asian","Male",35.5821851539174,34.6252956432433,0.267481044493616,1,0.0773031227369236
"PT126","VIS2","TRT","Asian","Male",35.5821851539174,45.2820626354471,0.712990581989288,2,-0.296868642156621
"PT126","VIS3","TRT","Asian","Male",35.5821851539174,NA,0.773292449116707,3,-1.18324224043267
"PT126","VIS4","TRT","Asian","Male",35.5821851539174,63.5776054723179,0.847301034256816,4,0.0112926884238996
"PT127","VIS1","TRT","Black or African American","Female",43.5676798283257,35.8087802579459,0.640659109689295,1,0.991601036059367
"PT127","VIS2","TRT","Black or African American","Female",43.5676798283257,NA,0.787166800908744,2,1.59396745390374
"PT127","VIS3","TRT","Black or African American","Female",43.5676798283257,NA,0.16060033608228,3,-1.37271127092917
"PT127","VIS4","TRT","Black or African American","Female",43.5676798283257,52.6731350423019,0.608397968485951,4,-0.249610933042319
"PT128","VIS1","TRT","Asian","Female",46.2599350357006,35.8873401294354,0.416309862956405,1,1.15942452685555
"PT128","VIS2","TRT","Asian","Female",46.2599350357006,38.7322217123776,0.698181646317244,2,-1.1142223478436
"PT128","VIS3","TRT","Asian","Female",46.2599350357006,46.7036129480221,0.691590769030154,3,-2.52850068885039
"PT128","VIS4","TRT","Asian","Female",46.2599350357006,53.6539785311201,0.397372555918992,4,-0.935902558513312
"PT129","VIS1","TRT","White","Male",29.2911905896613,36.7154340028365,0.371250601299107,1,-0.967239457935565
"PT129","VIS2","TRT","White","Male",29.2911905896613,NA,0.638242678716779,2,0.0474885923277959
"PT129","VIS3","TRT","White","Male",29.2911905896613,NA,0.358328329026699,3,-0.403736793498034
"PT129","VIS4","TRT","White","Male",29.2911905896613,NA,0.647289372421801,4,0.231496128244633
"PT130","VIS1","PBO","White","Male",51.7172947835728,NA,0.271229071356356,1,-0.422372407926746
"PT130","VIS2","PBO","White","Male",51.7172947835728,41.5431702277338,0.297171602211893,2,0.374118394695298
"PT130","VIS3","PBO","White","Male",51.7172947835728,51.6790908494876,0.198657632060349,3,-0.366005774997015
"PT130","VIS4","PBO","White","Male",51.7172947835728,NA,0.728309748321772,4,1.19010144652106
"PT131","VIS1","PBO","Asian","Female",35.7197896626865,27.4013044222627,0.70913903824985,1,-0.737327525257229
"PT131","VIS2","PBO","Asian","Female",35.7197896626865,30.3351686675184,0.2569599641487,2,0.290666645439266
"PT131","VIS3","PBO","Asian","Female",35.7197896626865,37.7309209360586,0.818023914471269,3,-0.884849568284455
"PT131","VIS4","PBO","Asian","Female",35.7197896626865,29.1166825066011,0.576321484148502,4,0.208006478870832
"PT132","VIS1","PBO","Asian","Male",50.537229890632,NA,0.454468356259167,1,-0.0477301724785263
"PT132","VIS2","PBO","Asian","Male",50.537229890632,32.0882953564666,0.339136236160994,2,-1.68452064613859
"PT132","VIS3","PBO","Asian","Male",50.537229890632,41.6606704046627,0.342613125033677,3,-0.144226556618951
"PT132","VIS4","PBO","Asian","Male",50.537229890632,53.9081533314415,0.55897856540978,4,1.18021366550265
"PT133","VIS1","PBO","White","Male",44.3994314313367,NA,0.844758668914437,1,0.681399923199504
"PT133","VIS2","PBO","White","Male",44.3994314313367,35.0693712053016,0.747639549337327,2,0.143247630887551
"PT133","VIS3","PBO","White","Male",44.3994314313367,47.1761469570175,0.448336847126484,3,-1.19231644371292
"PT133","VIS4","PBO","White","Male",44.3994314313367,56.4934717600885,0.384814620018005,4,1.16922865278909
"PT134","VIS1","PBO","Black or African American","Male",41.7330733402738,NA,0.51330778580159,1,0.0792017089453723
"PT134","VIS2","PBO","Black or African American","Male",41.7330733402738,38.8800602260279,0.621827481500804,2,-0.451773752768677
"PT134","VIS3","PBO","Black or African American","Male",41.7330733402738,47.5407011812312,0.648373033106327,3,1.64202821280077
"PT134","VIS4","PBO","Black or African American","Male",41.7330733402738,43.5370495197418,0.758547834679484,4,-0.769592321599518
"PT135","VIS1","PBO","Black or African American","Male",40.6666835984892,31.8205400201664,0.195179854333401,1,0.303360960757848
"PT135","VIS2","PBO","Black or African American","Male",40.6666835984892,39.6281563711061,0.832286360114813,2,1.28173742118351
"PT135","VIS3","PBO","Black or African American","Male",40.6666835984892,44.9554316659023,0.30278527084738,3,0.602222795170429
"PT135","VIS4","PBO","Black or African American","Male",40.6666835984892,21.1154307988055,0.424898864515126,4,-0.307022264536836
"PT136","VIS1","TRT","White","Female",39.0647860019828,34.7467138722187,0.310262714885175,1,-0.418418103422641
"PT136","VIS2","TRT","White","Female",39.0647860019828,NA,0.35601405389607,2,0.355135530046085
"PT136","VIS3","TRT","White","Female",39.0647860019828,NA,0.293080887570977,3,0.513481114599557
"PT136","VIS4","TRT","White","Female",39.0647860019828,56.6924854300405,0.52995815705508,4,0.01860740032874
"PT137","VIS1","TRT","Asian","Female",31.3776446740664,22.7312614492139,0.674383786134422,1,1.31844897225668
"PT137","VIS2","TRT","Asian","Female",31.3776446740664,32.5007545796499,0.530313988402486,2,-0.065831999838153
"PT137","VIS3","TRT","Asian","Female",31.3776446740664,42.3720551978023,0.113837557844818,3,-0.700296078317704
"PT137","VIS4","TRT","Asian","Female",31.3776446740664,42.89847352242,0.598362161032856,4,0.537326131521341
"PT138","VIS1","TRT","Asian","Male",46.141037949786,55.6258172301476,0.582335132732987,1,-2.20178232235392
"PT138","VIS2","TRT","Asian","Male",46.141037949786,45.3899831141454,0.711383274011314,2,0.391973743798411
"PT138","VIS3","TRT","Asian","Male",46.141037949786,52.6674296010596,0.799468379281461,3,0.496960952423719
"PT138","VIS4","TRT","Asian","Male",46.141037949786,NA,0.454765606112778,4,-0.224874715429902
"PT139","VIS1","TRT","Asian","Female",40.2039361959133,NA,0.504721275158227,1,-1.11714316533188
"PT139","VIS2","TRT","Asian","Female",40.2039361959133,NA,0.812672544457018,2,-0.394994603313877
"PT139","VIS3","TRT","Asian","Female",40.2039361959133,34.1893064444494,0.402095482498407,3,1.54983034223631
"PT139","VIS4","TRT","Asian","Female",40.2039361959133,45.5974016275399,0.306242183223367,4,-0.743514479798666
"PT140","VIS1","PBO","Black or African American","Female",37.6495603121641,28.891981992526,0.235589267872274,1,-2.33171211772957
"PT140","VIS2","PBO","Black or African American","Female",37.6495603121641,38.4614742290517,0.16913246344775,2,0.812245442209214
"PT140","VIS3","PBO","Black or African American","Female",37.6495603121641,NA,0.645632795803249,3,-0.501310657201351
"PT140","VIS4","PBO","Black or African American","Female",37.6495603121641,49.9035669605783,0.386956747248769,4,-0.510886565952357
"PT141","VIS1","TRT","White","Male",29.8611734651907,NA,0.152024126797915,1,-1.21536404115501
"PT141","VIS2","TRT","White","Male",29.8611734651907,44.1416684193034,0.154319921322167,2,-0.022558628347222
"PT141","VIS3","TRT","White","Male",29.8611734651907,NA,0.552196020819247,3,0.701239300429707
"PT141","VIS4","TRT","White","Male",29.8611734651907,55.2427799679339,0.645664723217487,4,-0.587482025589799
"PT142","VIS1","TRT","Black or African American","Male",50.8593236625706,NA,0.253531104139984,1,-0.60672794141879
"PT142","VIS2","TRT","Black or African American","Male",50.8593236625706,NA,0.312506520748138,2,1.09664021500029
"PT142","VIS3","TRT","Black or African American","Male",50.8593236625706,NA,0.855565440095961,3,-0.247509677080296
"PT142","VIS4","TRT","Black or African American","Male",50.8593236625706,NA,0.515702179633081,4,-0.159901713323247
"PT143","VIS1","TRT","Black or African American","Female",22.8593621477972,27.3800096746861,0.692843017168343,1,-0.625778250735075
"PT143","VIS2","TRT","Black or African American","Female",22.8593621477972,33.6325052564329,0.277244732156396,2,0.900434635600238
"PT143","VIS3","TRT","Black or African American","Female",22.8593621477972,NA,0.611673974618316,3,-0.994193629266225
"PT143","VIS4","TRT","Black or African American","Female",22.8593621477972,39.3440951190427,0.601043874211609,4,0.849250385880362
"PT144","VIS1","PBO","Asian","Female",43.960853015186,26.9857528431233,0.532622124999762,1,0.805702288976437
"PT144","VIS2","PBO","Asian","Female",43.960853015186,24.0417499669344,0.292714840732515,2,-0.46760093599122
"PT144","VIS3","PBO","Asian","Female",43.960853015186,42.1664821206382,0.299802504852414,3,0.848420313723343
"PT144","VIS4","PBO","Asian","Female",43.960853015186,44.7538018255842,0.474194814451039,4,0.986769863596017
"PT145","VIS1","PBO","Black or African American","Male",56.0231473116918,31.5546949822726,0.767596702650189,1,0.57562028851936
"PT145","VIS2","PBO","Black or African American","Male",56.0231473116918,44.4269576483794,0.28713626563549,2,2.02484204541817
"PT145","VIS3","PBO","Black or African American","Male",56.0231473116918,44.103434092701,0.720109127089381,3,-1.96235319122504
"PT145","VIS4","PBO","Black or African American","Male",56.0231473116918,NA,0.51729038823396,4,-1.16492093063759
"PT146","VIS1","TRT","Asian","Female",39.5943416808209,NA,0.367377274855971,1,-1.37651921373083
"PT146","VIS2","TRT","Asian","Female",39.5943416808209,37.874454282238,0.722771036624908,2,0.167679934469767
"PT146","VIS3","TRT","Asian","Female",39.5943416808209,48.3182830282378,0.290109480172396,3,1.58462907915972
"PT146","VIS4","TRT","Asian","Female",39.5943416808209,50.2151994798011,0.369382041506469,4,1.67788895297625
"PT147","VIS1","PBO","Asian","Female",49.9565020446416,41.9461516620971,0.439603271149099,1,0.488296698394955
"PT147","VIS2","PBO","Asian","Female",49.9565020446416,39.62690070999,0.658495088107884,2,0.878673262560324
"PT147","VIS3","PBO","Asian","Female",49.9565020446416,46.6976340746045,0.624297560192645,3,-0.144874874029881
"PT147","VIS4","PBO","Asian","Female",49.9565020446416,NA,0.677617274038494,4,0.468971760074208
"PT148","VIS1","TRT","Black or African American","Male",43.2853731300237,NA,0.231260414794087,1,0.376235477129484
"PT148","VIS2","TRT","Black or African American","Male",43.2853731300237,43.7525476049018,0.140522167831659,2,-0.76104027505648
"PT148","VIS3","TRT","Black or African American","Male",43.2853731300237,47.388731659563,0.558312058635056,3,-0.293294933750864
"PT148","VIS4","TRT","Black or African American","Male",43.2853731300237,NA,0.191328886337578,4,-0.134841264407518
"PT149","VIS1","PBO","Asian","Female",42.4056822834427,32.434119623755,0.112612264417112,1,1.39384581617302
"PT149","VIS2","PBO","Asian","Female",42.4056822834427,43.071625345971,0.72179588098079,2,-1.03698868969829
"PT149","VIS3","PBO","Asian","Female",42.4056822834427,42.9955132119605,0.313322607986629,3,-2.11433514780366
"PT149","VIS4","PBO","Asian","Female",42.4056822834427,53.8275875371579,0.644166028127074,4,0.768278218204398
"PT150","VIS1","PBO","White","Male",41.6117363694977,NA,0.277603990770876,1,-0.816160620753485
"PT150","VIS2","PBO","White","Male",41.6117363694977,NA,0.879394124634564,2,-0.436106923160574
"PT150","VIS3","PBO","White","Male",41.6117363694977,50.6480222179347,0.643029567971826,3,0.904705031282809
"PT150","VIS4","PBO","White","Male",41.6117363694977,63.4405097058236,0.725302709266543,4,-0.763086264548317
"PT151","VIS1","PBO","Asian","Female",50.6053257751035,34.4894902756985,0.659410450048745,1,-0.341066979637804
"PT151","VIS2","PBO","Asian","Female",50.6053257751035,40.0805620475257,0.108325576037169,2,1.50242453423459
"PT151","VIS3","PBO","Asian","Female",50.6053257751035,NA,0.503125664591789,3,0.5283077123164
"PT151","VIS4","PBO","Asian","Female",50.6053257751035,47.4655301825886,0.684847367927432,4,0.542191355464308
"PT152","VIS1","TRT","Asian","Female",41.7998665736157,NA,0.363822417892516,1,-0.136673355717877
"PT152","VIS2","TRT","Asian","Female",41.7998665736157,37.116968425781,0.75639931615442,2,-1.13673385330273
"PT152","VIS3","TRT","Asian","Female",41.7998665736157,NA,0.80786493960768,3,-1.49662715435579
"PT152","VIS4","TRT","Asian","Female",41.7998665736157,36.2511994419548,0.784777565486729,4,-0.223385643556595
"PT153","VIS1","PBO","Black or African American","Male",37.3166210405164,29.201705264335,0.462595527805388,1,2.00171922777288
"PT153","VIS2","PBO","Black or African American","Male",37.3166210405164,31.5377251378101,0.476304342038929,2,0.221703816213622
"PT153","VIS3","PBO","Black or African American","Male",37.3166210405164,42.3568270133104,0.512191837839782,3,0.164372909246388
"PT153","VIS4","PBO","Black or African American","Male",37.3166210405164,64.7835245866138,0.231074060313404,4,0.33262360885001
"PT154","VIS1","PBO","Black or African American","Female",43.0137547655416,32.7275723014249,0.807134807482362,1,-0.385207999091431
"PT154","VIS2","PBO","Black or African American","Female",43.0137547655416,37.5002209274126,0.260514193214476,2,-1.39875402655789
"PT154","VIS3","PBO","Black or African American","Female",43.0137547655416,NA,0.607648960500956,3,2.67574079585182
"PT154","VIS4","PBO","Black or African American","Female",43.0137547655416,57.0386148517057,0.13539910633117,4,-0.423686088681983
"PT155","VIS1","TRT","Asian","Male",45.2207539590246,36.3247512191305,0.396840213239193,1,-0.298601511933064
"PT155","VIS2","TRT","Asian","Male",45.2207539590246,NA,0.583066446706653,2,-1.79234172685298
"PT155","VIS3","TRT","Asian","Male",45.2207539590246,41.4672531348006,0.862100104987621,3,-0.248008225068098
"PT155","VIS4","TRT","Asian","Male",45.2207539590246,59.0141089547461,0.271886294148862,4,-0.247303918374605
"PT156","VIS1","PBO","White","Male",38.3218496674106,30.1497033351109,0.243435358814895,1,-0.255510378526346
"PT156","VIS2","PBO","White","Male",38.3218496674106,34.9173998921514,0.793577017448843,2,-1.78693810009257
"PT156","VIS3","PBO","White","Male",38.3218496674106,52.1389993149483,0.472011924721301,3,1.78466281602476
"PT156","VIS4","PBO","White","Male",38.3218496674106,58.7383928839491,0.281557944975793,4,1.76358634774588
"PT157","VIS1","TRT","Black or African American","Male",44.7960593202073,35.8318450837661,0.825305209122598,1,0.689600221934096
"PT157","VIS2","TRT","Black or African American","Male",44.7960593202073,NA,0.877674302086234,2,-1.10074064442392
"PT157","VIS3","TRT","Black or African American","Male",44.7960593202073,NA,0.86660403162241,3,0.714509356897811
"PT157","VIS4","TRT","Black or African American","Male",44.7960593202073,56.4140909049202,0.538154655694962,4,-0.246470316934021
"PT158","VIS1","TRT","Black or African American","Male",54.6073630996833,NA,0.8877710968256,1,-0.319786165927205
"PT158","VIS2","TRT","Black or African American","Male",54.6073630996833,43.555932986532,0.378818079829216,2,1.3626442929547
"PT158","VIS3","TRT","Black or African American","Male",54.6073630996833,44.2632007206057,0.400882231630385,3,-1.22788258998268
"PT158","VIS4","TRT","Black or African American","Male",54.6073630996833,59.2557912041538,0.436232051253319,4,-0.511219232750473
"PT159","VIS1","TRT","Asian","Female",46.6411102805182,28.473144181093,0.326090522296727,1,-0.731194999064964
"PT159","VIS2","TRT","Asian","Female",46.6411102805182,47.475807851296,0.153215988911688,2,0.0197520068767907
"PT159","VIS3","TRT","Asian","Female",46.6411102805182,NA,0.163847323507071,3,-1.57286391470999
"PT159","VIS4","TRT","Asian","Female",46.6411102805182,NA,0.446235107257962,4,-0.703333269828288
"PT160","VIS1","TRT","Asian","Male",44.7322317967631,NA,0.890664904937148,1,0.715932088907665
"PT160","VIS2","TRT","Asian","Male",44.7322317967631,46.474830978079,0.190394332073629,2,0.465214906423109
"PT160","VIS3","TRT","Asian","Male",44.7322317967631,51.2267703306876,0.27631740886718,3,-0.973902306404292
"PT160","VIS4","TRT","Asian","Male",44.7322317967631,45.8277659244683,0.276251633651555,4,0.559217730468333
"PT161","VIS1","PBO","Black or African American","Female",24.0379954961068,NA,0.618515567854047,1,-2.43263974540567
"PT161","VIS2","PBO","Black or African American","Female",24.0379954961068,39.067827201629,0.507424440793693,2,-0.340484926702145
"PT161","VIS3","PBO","Black or African American","Female",24.0379954961068,NA,0.681964753195643,3,0.713033194850233
"PT161","VIS4","PBO","Black or African American","Female",24.0379954961068,NA,0.352757568284869,4,-0.659037386489128
"PT162","VIS1","PBO","Asian","Male",47.6951675443985,29.9954222546416,0.776846789382398,1,-0.0364026225664853
"PT162","VIS2","PBO","Asian","Male",47.6951675443985,NA,0.504924776591361,2,-1.59328630152691
"PT162","VIS3","PBO","Asian","Male",47.6951675443985,NA,0.646068968996406,3,0.84779279724777
"PT162","VIS4","PBO","Asian","Male",47.6951675443985,54.1779558683399,0.855536741018295,4,-1.85038884866061
"PT163","VIS1","PBO","White","Male",56.2475135892931,NA,0.111527808755636,1,-0.323650631690314
"PT163","VIS2","PBO","White","Male",56.2475135892931,44.5574328085673,0.516866399347782,2,-0.255248112503172
"PT163","VIS3","PBO","White","Male",56.2475135892931,NA,0.759711699560285,3,0.0609212273067499
"PT163","VIS4","PBO","White","Male",56.2475135892931,62.5957936906029,0.362440720945597,4,-0.823491629018878
"PT164","VIS1","PBO","Black or African American","Female",38.1865021860776,NA,0.646209336072207,1,1.82973048483604
"PT164","VIS2","PBO","Black or African American","Female",38.1865021860776,35.4839600438564,0.594192196987569,2,-1.4299162157815
"PT164","VIS3","PBO","Black or African American","Female",38.1865021860776,44.0776750075098,0.621468666382134,3,0.254137143004585
"PT164","VIS4","PBO","Black or African American","Female",38.1865021860776,46.57837049362,0.864980382844806,4,-2.93977369533598
"PT165","VIS1","TRT","White","Female",39.4345059827917,47.6797912793676,0.286809984594584,1,0.00241580894347513
"PT165","VIS2","TRT","White","Female",39.4345059827917,NA,0.363747699186206,2,0.509665571261936
"PT165","VIS3","TRT","White","Female",39.4345059827917,NA,0.770455850847065,3,-1.08472000111396
"PT165","VIS4","TRT","White","Female",39.4345059827917,NA,0.216024698130786,4,0.704832976877566
"PT166","VIS1","TRT","Asian","Male",38.4203703080133,22.1543873553668,0.838219513557851,1,0.330976349994212
"PT166","VIS2","TRT","Asian","Male",38.4203703080133,NA,0.169515731371939,2,0.976327472976372
"PT166","VIS3","TRT","Asian","Male",38.4203703080133,NA,0.64885299038142,3,-0.843339880398736
"PT166","VIS4","TRT","Asian","Male",38.4203703080133,NA,0.874121092073619,4,-0.970579904862913
"PT167","VIS1","PBO","Black or African American","Male",51.7132704673184,34.2776527974756,0.609235280193388,1,-1.77153134864293
"PT167","VIS2","PBO","Black or African American","Male",51.7132704673184,36.9005884969369,0.436412215046585,2,-0.322470341645949
"PT167","VIS3","PBO","Black or African American","Male",51.7132704673184,NA,0.744111781381071,3,-1.3388007423545
"PT167","VIS4","PBO","Black or African American","Male",51.7132704673184,40.5428541769339,0.308310004323721,4,0.688156028146055
"PT168","VIS1","PBO","Black or African American","Female",41.2471132276098,29.094939851554,0.625694654136896,1,0.0712806522505788
"PT168","VIS2","PBO","Black or African American","Female",41.2471132276098,37.2176804995947,0.566038687899709,2,2.18975235927918
"PT168","VIS3","PBO","Black or African American","Female",41.2471132276098,43.084912397961,0.614565800689161,3,-1.15770759930148
"PT168","VIS4","PBO","Black or African American","Female",41.2471132276098,NA,0.120166045799851,4,1.18168806409233
"PT169","VIS1","PBO","White","Female",33.6177440156821,27.1217395965427,0.151484956033528,1,-0.527368361608178
"PT169","VIS2","PBO","White","Female",33.6177440156821,34.1191616641936,0.884677250124514,2,-1.45662801131076
"PT169","VIS3","PBO","White","Female",33.6177440156821,NA,0.851524508371949,3,0.572967370493168
"PT169","VIS4","PBO","White","Female",33.6177440156821,NA,0.257667400315404,4,-1.43337770467221
"PT170","VIS1","TRT","White","Female",37.1494366837497,NA,0.653136472031474,1,-1.0551850185265
"PT170","VIS2","TRT","White","Female",37.1494366837497,40.802298142402,0.363863257132471,2,-0.733111877421952
"PT170","VIS3","TRT","White","Female",37.1494366837497,45.8926881675172,0.642044069431722,3,0.210907264251298
"PT170","VIS4","TRT","White","Female",37.1494366837497,43.6915255766108,0.15818658657372,4,-0.99892072706101
"PT171","VIS1","PBO","Asian","Female",46.1060610825083,NA,0.884868665412068,1,1.07785032320562
"PT171","VIS2","PBO","Asian","Female",46.1060610825083,29.2286890369533,0.200853279605508,2,-1.19897438250787
"PT171","VIS3","PBO","Asian","Female",46.1060610825083,NA,0.403339294716716,3,0.216637035184711
"PT171","VIS4","PBO","Asian","Female",46.1060610825083,55.6836184704678,0.78263547103852,4,0.143087029788927
"PT172","VIS1","TRT","Asian","Female",47.1375044760047,31.9069838397564,0.763636432215571,1,-1.06575009105298
"PT172","VIS2","TRT","Asian","Female",47.1375044760047,37.3106076229201,0.636697468720376,2,-0.428623410701779
"PT172","VIS3","TRT","Asian","Female",47.1375044760047,40.7554590958719,0.662327942065895,3,-0.656179476771346
"PT172","VIS4","TRT","Asian","Female",47.1375044760047,NA,0.80765943210572,4,0.959394326857613
"PT173","VIS1","TRT","White","Female",36.4292004490942,42.1947365993226,0.469551916047931,1,1.55605263610222
"PT173","VIS2","TRT","White","Female",36.4292004490942,44.8722771547709,0.660234056785703,2,-1.04079643378825
"PT173","VIS3","TRT","White","Female",36.4292004490942,47.551984740093,0.454811972938478,3,0.930572408540247
"PT173","VIS4","TRT","White","Female",36.4292004490942,NA,0.828101390227675,4,-0.0754459310121911
"PT174","VIS1","TRT","Black or African American","Female",45.1054095426173,50.6289430873792,0.194719588570297,1,-1.96719534905096
"PT174","VIS2","TRT","Black or African American","Female",45.1054095426173,45.4755111034248,0.144625664316118,2,-0.755903642645193
"PT174","VIS3","TRT","Black or African American","Female",45.1054095426173,48.6216798482735,0.665786180831492,3,0.461149160506762
"PT174","VIS4","TRT","Black or African American","Female",45.1054095426173,NA,0.794795940443873,4,0.145106631047872
"PT175","VIS1","PBO","Black or African American","Female",24.2598853431353,29.6649261851385,0.103930826112628,1,-2.44231132108142
"PT175","VIS2","PBO","Black or African American","Female",24.2598853431353,34.5740602102981,0.706568898074329,2,0.580318685451573
"PT175","VIS3","PBO","Black or African American","Female",24.2598853431353,NA,0.725584558211267,3,0.655051998486745
"PT175","VIS4","PBO","Black or African American","Female",24.2598853431353,38.1167573935649,0.495015344955027,4,-0.304508837259419
"PT176","VIS1","TRT","Black or African American","Male",34.4282751234807,33.7720416342871,0.592172886803746,1,-0.707568232617297
"PT176","VIS2","TRT","Black or African American","Male",34.4282751234807,34.2614793678724,0.384857633896172,2,1.97157201447823
"PT176","VIS3","TRT","Black or African American","Male",34.4282751234807,NA,0.472361481003463,3,-0.0899986806477491
"PT176","VIS4","TRT","Black or African American","Male",34.4282751234807,58.8103714861106,0.339154253900051,4,-0.0140172519319242
"PT177","VIS1","PBO","Black or African American","Male",33.6084403262835,NA,0.157020149566233,1,-1.12345693711015
"PT177","VIS2","PBO","Black or African American","Male",33.6084403262835,NA,0.677957931533456,2,-1.34413012337621
"PT177","VIS3","PBO","Black or African American","Male",33.6084403262835,39.8811933046226,0.211491513065994,3,-1.52315577106209
"PT177","VIS4","PBO","Black or African American","Male",33.6084403262835,NA,0.723857149854302,4,-0.421968210382174
"PT178","VIS1","PBO","Black or African American","Male",42.9916755580664,31.6270768557158,0.783929922245443,1,1.36092446408098
"PT178","VIS2","PBO","Black or African American","Male",42.9916755580664,NA,0.375554510951042,2,1.75379484533487
"PT178","VIS3","PBO","Black or African American","Male",42.9916755580664,NA,0.387442892976105,3,1.56836473435279
"PT178","VIS4","PBO","Black or African American","Male",42.9916755580664,48.2204919876636,0.85083429813385,4,1.29675556994775
"PT179","VIS1","TRT","White","Male",33.4379480685192,42.5882883042679,0.609642744995654,1,-0.237596251443612
"PT179","VIS2","TRT","White","Male",33.4379480685192,NA,0.370873567461968,2,-1.22415013568071
"PT179","VIS3","TRT","White","Male",33.4379480685192,49.3326221835959,0.509017337858677,3,-0.327812680140072
"PT179","VIS4","TRT","White","Male",33.4379480685192,53.7433114875181,0.449733784236014,4,-2.41245027627225
"PT180","VIS1","PBO","Asian","Male",31.5091033842764,29.7185741364814,0.645528498850763,1,-0.31379287344339
"PT180","VIS2","PBO","Asian","Male",31.5091033842764,30.4565148134052,0.826443974487484,2,1.65987870464572
"PT180","VIS3","PBO","Asian","Male",31.5091033842764,38.2980005048233,0.243205858208239,3,0.130953100607517
"PT180","VIS4","PBO","Asian","Male",31.5091033842764,NA,0.311475187540054,4,1.09588868268958
"PT181","VIS1","PBO","Asian","Female",34.9333466020096,36.8103963988814,0.382819266989827,1,0.489340956943913
"PT181","VIS2","PBO","Asian","Female",34.9333466020096,NA,0.124274598248303,2,-0.778910295448653
"PT181","VIS3","PBO","Asian","Female",34.9333466020096,42.3504484943455,0.127942989394069,3,1.74355935292935
"PT181","VIS4","PBO","Asian","Female",34.9333466020096,39.3986048235219,0.172828633710742,4,-0.0783872853310662
"PT182","VIS1","TRT","Black or African American","Female",48.4247766692937,NA,0.590845067054033,1,-0.975553792522548
"PT182","VIS2","TRT","Black or African American","Female",48.4247766692937,NA,0.115762505307794,2,0.0706598247385691
"PT182","VIS3","TRT","Black or African American","Female",48.4247766692937,49.7362879159518,0.439841956272721,3,-1.5185995288232
"PT182","VIS4","TRT","Black or African American","Female",48.4247766692937,41.5808172125552,0.164195691049099,4,0.863779032791318
"PT183","VIS1","TRT","Black or African American","Female",30.2087796698397,43.5890104238146,0.50569985024631,1,0.501568385364368
"PT183","VIS2","TRT","Black or African American","Female",30.2087796698397,40.1676154838976,0.528054550103843,2,-0.354781329646987
"PT183","VIS3","TRT","Black or African American","Female",30.2087796698397,NA,0.693834260292351,3,-0.48842888759119
"PT183","VIS4","TRT","Black or African American","Female",30.2087796698397,NA,0.61172734182328,4,0.936293947292698
"PT184","VIS1","TRT","White","Female",59.1231269610986,NA,0.597453171573579,1,-1.06240838642214
"PT184","VIS2","TRT","White","Female",59.1231269610986,41.0820563451263,0.786978120543063,2,-0.983820871704388
"PT184","VIS3","TRT","White","Female",59.1231269610986,NA,0.861902060173452,3,0.424247877020078
"PT184","VIS4","TRT","White","Female",59.1231269610986,69.3740861533557,0.597889392822981,4,-0.451313480552634
"PT185","VIS1","PBO","Black or African American","Female",49.8606030402378,NA,0.699522978626192,1,0.925084796723901
"PT185","VIS2","PBO","Black or African American","Female",49.8606030402378,41.276245305898,0.19186631962657,2,-0.198620809812313
"PT185","VIS3","PBO","Black or African American","Female",49.8606030402378,44.7613828081232,0.412552957423031,3,1.1948510169004
"PT185","VIS4","PBO","Black or African American","Female",49.8606030402378,39.698154918176,0.834202254936099,4,0.495544705180151
"PT186","VIS1","PBO","White","Male",50.0259480062204,38.4429587857077,0.453560225479305,1,-2.24515257409297
"PT186","VIS2","PBO","White","Male",50.0259480062204,48.2058577750118,0.153104762732983,2,-1.33537136041822
"PT186","VIS3","PBO","White","Male",50.0259480062204,NA,0.864455225504935,3,1.28277520617769
"PT186","VIS4","PBO","White","Male",50.0259480062204,35.5073486296937,0.854869621992111,4,0.690795904173712
"PT187","VIS1","PBO","Black or African American","Female",37.6554504513534,32.0815278702117,0.645045926421881,1,-0.967062667858309
"PT187","VIS2","PBO","Black or African American","Female",37.6554504513534,NA,0.144027631543577,2,-1.34579368502011
"PT187","VIS3","PBO","Black or African American","Female",37.6554504513534,NA,0.675692516192794,3,1.03366538931573
"PT187","VIS4","PBO","Black or African American","Female",37.6554504513534,NA,0.362381960079074,4,-0.811776459663054
"PT188","VIS1","PBO","Black or African American","Female",53.650774000197,44.692560589629,0.697840850241482,1,1.80172547861817
"PT188","VIS2","PBO","Black or African American","Female",53.650774000197,NA,0.852616390027106,2,1.77154196037941
"PT188","VIS3","PBO","Black or African American","Female",53.650774000197,42.1868939652004,0.274414924904704,3,-1.45469136980239
"PT188","VIS4","PBO","Black or African American","Female",53.650774000197,NA,0.693802422471344,4,-0.845654312575637
"PT189","VIS1","TRT","Asian","Female",48.0000415987601,37.0174058122877,0.802120906300843,1,-1.25047965932418
"PT189","VIS2","TRT","Asian","Female",48.0000415987601,38.2691973287987,0.464252398349345,2,0.667288067904176
"PT189","VIS3","TRT","Asian","Female",48.0000415987601,49.2880568902131,0.119786807149649,3,-1.29076968763763
"PT189","VIS4","TRT","Asian","Female",48.0000415987601,NA,0.315147469006479,4,-2.03500353846891
"PT190","VIS1","TRT","Black or African American","Female",45.5970756491734,40.4595331139755,0.723283197917044,1,2.02134699449252
"PT190","VIS2","TRT","Black or African American","Female",45.5970756491734,45.1033651991198,0.670901294611394,2,1.00597348761217
"PT190","VIS3","TRT","Black or African American","Female",45.5970756491734,45.582497322805,0.890465842373669,3,0.817123601225002
"PT190","VIS4","TRT","Black or African American","Female",45.5970756491734,62.9698946409796,0.113621496222913,4,-0.663988283577244
"PT191","VIS1","TRT","White","Male",18.7923786058395,30.7825245114901,0.353267295658588,1,-0.0112812312503971
"PT191","VIS2","TRT","White","Male",18.7923786058395,NA,0.30327778775245,2,0.619677256209794
"PT191","VIS3","TRT","White","Male",18.7923786058395,NA,0.467318364605308,3,-1.2812387419642
"PT191","VIS4","TRT","White","Male",18.7923786058395,44.6966672719081,0.527002119086683,4,-0.124261326376048
"PT192","VIS1","TRT","White","Female",37.4333818462519,32.7249073494043,0.615058316849172,1,0.175741654501771
"PT192","VIS2","TRT","White","Female",37.4333818462519,45.7870239974171,0.838085144013166,2,1.69277379447271
"PT192","VIS3","TRT","White","Female",37.4333818462519,48.7488576804756,0.336940191686153,3,0.642132717206933
"PT192","VIS4","TRT","White","Female",37.4333818462519,84.0844870776045,0.749780922010541,4,1.28223303234921
"PT193","VIS1","PBO","Asian","Male",21.9711709135877,NA,0.655026346072555,1,0.140546973547383
"PT193","VIS2","PBO","Asian","Male",21.9711709135877,30.1949453146673,0.252740644663572,2,-1.11250268318057
"PT193","VIS3","PBO","Asian","Male",21.9711709135877,36.7857343778742,0.4521300425753,3,-0.339676971961898
"PT193","VIS4","PBO","Asian","Male",21.9711709135877,61.0358754249502,0.787831534817815,4,-1.66476463926247
"PT194","VIS1","PBO","Black or African American","Male",34.4623758381172,20.3674939859466,0.753653492964804,1,0.928851761720271
"PT194","VIS2","PBO","Black or African American","Male",34.4623758381172,35.2247954988047,0.35004845969379,2,1.41682683471578
"PT194","VIS3","PBO","Black or African American","Male",34.4623758381172,37.4284709120513,0.890016385167837,3,-0.0627207776270142
"PT194","VIS4","PBO","Black or African American","Male",34.4623758381172,30.2050070084758,0.413535072468221,4,-0.980902336097871
"PT195","VIS1","TRT","White","Female",35.8811010455988,NA,0.192815610207617,1,1.08715025123701
"PT195","VIS2","TRT","White","Female",35.8811010455988,49.1286162105429,0.114090646244586,2,0.139327026560686
"PT195","VIS3","TRT","White","Female",35.8811010455988,47.3123399488302,0.370226032286882,3,-0.386272097673785
"PT195","VIS4","TRT","White","Female",35.8811010455988,NA,0.760367648303509,4,1.12358542318002
"PT196","VIS1","PBO","Asian","Male",29.3930584152078,19.2838847300433,0.730110155045986,1,-0.759845657357593
"PT196","VIS2","PBO","Asian","Male",29.3930584152078,30.0068158217127,0.400501891039312,2,1.14895910322903
"PT196","VIS3","PBO","Asian","Male",29.3930584152078,NA,0.65265492182225,3,-0.84247625893675
"PT196","VIS4","PBO","Asian","Male",29.3930584152078,49.217682042554,0.586282549612224,4,0.391413340392769
"PT197","VIS1","PBO","Black or African American","Male",35.69673345986,NA,0.538067386299372,1,0.891377242318638
"PT197","VIS2","PBO","Black or African American","Male",35.69673345986,NA,0.786339831724763,2,-1.33525871255432
"PT197","VIS3","PBO","Black or African American","Male",35.69673345986,NA,0.385387123003602,3,0.398123477834933
"PT197","VIS4","PBO","Black or African American","Male",35.69673345986,40.133533747015,0.344368784502149,4,-0.111586802948826
"PT198","VIS1","TRT","Black or African American","Male",29.474841316879,42.3453442430236,0.58277352321893,1,0.675743916642286
"PT198","VIS2","TRT","Black or African American","Male",29.474841316879,52.3257500408636,0.361245763860643,2,-0.788597935379218
"PT198","VIS3","TRT","Black or African American","Male",29.474841316879,NA,0.582888548634946,3,-0.0869863340574937
"PT198","VIS4","TRT","Black or African American","Male",29.474841316879,69.2625361995753,0.298989048600197,4,1.38228400775579
"PT199","VIS1","TRT","White","Male",41.054005919145,NA,0.691323062591255,1,0.168490163808026
"PT199","VIS2","TRT","White","Male",41.054005919145,NA,0.112059232965112,2,0.823190948275118
"PT199","VIS3","TRT","White","Male",41.054005919145,NA,0.596489997394383,3,-0.220894597616442
"PT199","VIS4","TRT","White","Male",41.054005919145,NA,0.789747412130237,4,-1.02939165471471
"PT200","VIS1","PBO","Black or African American","Male",51.191006817819,35.7034117910292,0.489428558200598,1,-0.0109256908471287
"PT200","VIS2","PBO","Black or African American","Male",51.191006817819,41.6445427067491,0.490321123786271,2,-1.22499115544077
"PT200","VIS3","PBO","Black or African American","Male",51.191006817819,NA,0.167683518491685,3,-2.59611138844997
"PT200","VIS4","PBO","Black or African American","Male",51.191006817819,54.2508125737659,0.418919056095183,4,1.16912259199149
