sample_id,replicate_id,curve_id,temperature_c,signal
Fab,R1,Fab-R1,25,1.127724
Fab,R1,Fab-R1,25.5,1.130311
Fab,R1,Fab-R1,26,1.128304
Fab,R1,Fab-R1,26.5,1.131697
Fab,R1,Fab-R1,27,1.125952
Fab,R1,Fab-R1,27.5,1.133838
Fab,R1,Fab-R1,28,1.136889
Fab,R1,Fab-R1,28.5,1.137964
Fab,R1,Fab-R1,29,1.137973
Fab,R1,Fab-R1,29.5,1.134859
Fab,R1,Fab-R1,30,1.139436
Fab,R1,Fab-R1,30.5,1.145284
Fab,R1,Fab-R1,31,1.137271
Fab,R1,Fab-R1,31.5,1.139158
Fab,R1,Fab-R1,32,1.143220
Fab,R1,Fab-R1,32.5,1.144072
Fab,R1,Fab-R1,33,1.140497
Fab,R1,Fab-R1,33.5,1.149288
Fab,R1,Fab-R1,34,1.153168
Fab,R1,Fab-R1,34.5,1.150224
Fab,R1,Fab-R1,35,1.147604
Fab,R1,Fab-R1,35.5,1.156357
Fab,R1,Fab-R1,36,1.155230
Fab,R1,Fab-R1,36.5,1.148199
Fab,R1,Fab-R1,37,1.153354
Fab,R1,Fab-R1,37.5,1.158092
Fab,R1,Fab-R1,38,1.158377
Fab,R1,Fab-R1,38.5,1.159036
Fab,R1,Fab-R1,39,1.161883
Fab,R1,Fab-R1,39.5,1.155413
Fab,R1,Fab-R1,40,1.152078
Fab,R1,Fab-R1,40.5,1.162490
Fab,R1,Fab-R1,41,1.170101
Fab,R1,Fab-R1,41.5,1.166995
Fab,R1,Fab-R1,42,1.164030
Fab,R1,Fab-R1,42.5,1.157870
Fab,R1,Fab-R1,43,1.168280
Fab,R1,Fab-R1,43.5,1.166662
Fab,R1,Fab-R1,44,1.158544
Fab,R1,Fab-R1,44.5,1.167839
Fab,R1,Fab-R1,45,1.169056
Fab,R1,Fab-R1,45.5,1.170073
Fab,R1,Fab-R1,46,1.172270
Fab,R1,Fab-R1,46.5,1.175051
Fab,R1,Fab-R1,47,1.175841
Fab,R1,Fab-R1,47.5,1.178744
Fab,R1,Fab-R1,48,1.180889
Fab,R1,Fab-R1,48.5,1.176575
Fab,R1,Fab-R1,49,1.177206
Fab,R1,Fab-R1,49.5,1.178945
Fab,R1,Fab-R1,50,1.182115
Fab,R1,Fab-R1,50.5,1.183345
Fab,R1,Fab-R1,51,1.185081
Fab,R1,Fab-R1,51.5,1.182412
Fab,R1,Fab-R1,52,1.192319
Fab,R1,Fab-R1,52.5,1.192247
Fab,R1,Fab-R1,53,1.190688
Fab,R1,Fab-R1,53.5,1.188735
Fab,R1,Fab-R1,54,1.194802
Fab,R1,Fab-R1,54.5,1.195492
Fab,R1,Fab-R1,55,1.192157
Fab,R1,Fab-R1,55.5,1.197118
Fab,R1,Fab-R1,56,1.192564
Fab,R1,Fab-R1,56.5,1.193672
Fab,R1,Fab-R1,57,1.204241
Fab,R1,Fab-R1,57.5,1.209901
Fab,R1,Fab-R1,58,1.212682
Fab,R1,Fab-R1,58.5,1.221985
Fab,R1,Fab-R1,59,1.229957
Fab,R1,Fab-R1,59.5,1.242918
Fab,R1,Fab-R1,60,1.252750
Fab,R1,Fab-R1,60.5,1.276287
Fab,R1,Fab-R1,61,1.299540
Fab,R1,Fab-R1,61.5,1.324591
Fab,R1,Fab-R1,62,1.346153
Fab,R1,Fab-R1,62.5,1.379935
Fab,R1,Fab-R1,63,1.415387
Fab,R1,Fab-R1,63.5,1.422501
Fab,R1,Fab-R1,64,1.449533
Fab,R1,Fab-R1,64.5,1.457869
Fab,R1,Fab-R1,65,1.475421
Fab,R1,Fab-R1,65.5,1.479769
Fab,R1,Fab-R1,66,1.492924
Fab,R1,Fab-R1,66.5,1.493711
Fab,R1,Fab-R1,67,1.495550
Fab,R1,Fab-R1,67.5,1.502623
Fab,R1,Fab-R1,68,1.506359
Fab,R1,Fab-R1,68.5,1.499862
Fab,R1,Fab-R1,69,1.508233
Fab,R1,Fab-R1,69.5,1.511081
Fab,R1,Fab-R1,70,1.504880
Fab,R1,Fab-R1,70.5,1.508940
Fab,R1,Fab-R1,71,1.509898
Fab,R1,Fab-R1,71.5,1.505517
Fab,R1,Fab-R1,72,1.508445
Fab,R1,Fab-R1,72.5,1.518371
Fab,R1,Fab-R1,73,1.506657
Fab,R1,Fab-R1,73.5,1.511832
Fab,R1,Fab-R1,74,1.507104
Fab,R1,Fab-R1,74.5,1.516335
Fab,R1,Fab-R1,75,1.518580
Fab,R1,Fab-R1,75.5,1.513679
Fab,R1,Fab-R1,76,1.515211
Fab,R1,Fab-R1,76.5,1.516174
Fab,R1,Fab-R1,77,1.519633
Fab,R1,Fab-R1,77.5,1.524614
Fab,R1,Fab-R1,78,1.511867
Fab,R1,Fab-R1,78.5,1.519764
Fab,R1,Fab-R1,79,1.517316
Fab,R1,Fab-R1,79.5,1.523305
Fab,R1,Fab-R1,80,1.524671
Fab,R1,Fab-R1,80.5,1.531993
Fab,R1,Fab-R1,81,1.524782
Fab,R1,Fab-R1,81.5,1.521497
Fab,R1,Fab-R1,82,1.522367
Fab,R1,Fab-R1,82.5,1.528706
Fab,R1,Fab-R1,83,1.525925
Fab,R1,Fab-R1,83.5,1.518106
Fab,R1,Fab-R1,84,1.525520
Fab,R1,Fab-R1,84.5,1.523942
Fab,R1,Fab-R1,85,1.525033
Fab,R1,Fab-R1,85.5,1.525799
Fab,R1,Fab-R1,86,1.519681
Fab,R1,Fab-R1,86.5,1.515199
Fab,R1,Fab-R1,87,1.520138
Fab,R1,Fab-R1,87.5,1.524292
Fab,R1,Fab-R1,88,1.529825
Fab,R1,Fab-R1,88.5,1.525399
Fab,R1,Fab-R1,89,1.536564
Fab,R1,Fab-R1,89.5,1.535957
Fab,R1,Fab-R1,90,1.534515
Fab,R1,Fab-R1,90.5,1.530689
Fab,R1,Fab-R1,91,1.529803
Fab,R1,Fab-R1,91.5,1.534176
Fab,R1,Fab-R1,92,1.534328
Fab,R1,Fab-R1,92.5,1.533981
Fab,R1,Fab-R1,93,1.535229
Fab,R1,Fab-R1,93.5,1.536541
Fab,R1,Fab-R1,94,1.542162
Fab,R1,Fab-R1,94.5,1.541221
Fab,R1,Fab-R1,95,1.534312
