observation_id,independent_unit_id,group,outcome,value,unit,exclude,exclusion_reason
D01-0,D01,control,cytokine_response,-0.2659728527290983,pg/mL,False,
D01-1,D01,mAb-A,cytokine_response,0.9276360818794087,pg/mL,False,
D01-2,D01,mAb-B,cytokine_response,1.829376565918633,pg/mL,False,
D01-3,D01,mAb-C,cytokine_response,3.508960204931056,pg/mL,False,
D02-0,D02,control,cytokine_response,0.9341782144533725,pg/mL,False,
D02-1,D02,mAb-A,cytokine_response,-1.1144157925557137,pg/mL,False,
D02-2,D02,mAb-B,cytokine_response,2.430867563326645,pg/mL,False,
D02-3,D02,mAb-C,cytokine_response,3.7493700147756956,pg/mL,False,
D03-0,D03,control,cytokine_response,-0.5130295190881384,pg/mL,False,
D03-1,D03,mAb-A,cytokine_response,0.14149501994710578,pg/mL,False,
D03-2,D03,mAb-B,cytokine_response,2.3145457273137104,pg/mL,False,
D03-3,D03,mAb-C,cytokine_response,4.0569887718273225,pg/mL,False,
D04-0,D04,control,cytokine_response,1.1078078109245457,pg/mL,False,
D04-1,D04,mAb-A,cytokine_response,0.8440880252889027,pg/mL,False,
D04-2,D04,mAb-B,cytokine_response,2.546119198268502,pg/mL,False,
D04-3,D04,mAb-C,cytokine_response,1.50198496551805,pg/mL,False,
D05-0,D05,control,cytokine_response,0.15356465150375476,pg/mL,False,
D05-1,D05,mAb-A,cytokine_response,0.3080083813087302,pg/mL,False,
D05-2,D05,mAb-B,cytokine_response,1.8740790484787846,pg/mL,False,
D05-3,D05,mAb-C,cytokine_response,3.6643479187087307,pg/mL,False,
D06-0,D06,control,cytokine_response,0.29476195450248943,pg/mL,False,
D06-1,D06,mAb-A,cytokine_response,-0.21133334370421042,pg/mL,False,
D06-2,D06,mAb-B,cytokine_response,2.917853096349146,pg/mL,False,
D06-3,D06,mAb-C,cytokine_response,2.998718292852575,pg/mL,False,
D07-0,D07,control,cytokine_response,-0.8378077764943873,pg/mL,False,
D07-1,D07,mAb-A,cytokine_response,0.039104557052087596,pg/mL,False,
D07-2,D07,mAb-B,cytokine_response,3.8250815715187927,pg/mL,False,
D07-3,D07,mAb-C,cytokine_response,2.973621647923507,pg/mL,False,
D08-0,D08,control,cytokine_response,-0.7498177131678893,pg/mL,False,
D08-1,D08,mAb-A,cytokine_response,0.19412652705440447,pg/mL,False,
D08-2,D08,mAb-B,cytokine_response,3.9859332565617622,pg/mL,False,
D08-3,D08,mAb-C,cytokine_response,2.5697579295517223,pg/mL,False,
D09-0,D09,control,cytokine_response,0.7790662143183305,pg/mL,False,
D09-1,D09,mAb-A,cytokine_response,2.0136360036258782,pg/mL,False,
D09-2,D09,mAb-B,cytokine_response,-0.7340392338931587,pg/mL,False,
D09-3,D09,mAb-C,cytokine_response,3.94133701594895,pg/mL,False,
D10-0,D10,control,cytokine_response,0.11044471751510662,pg/mL,False,
D10-1,D10,mAb-A,cytokine_response,0.23474826162445828,pg/mL,False,
D10-2,D10,mAb-B,cytokine_response,1.7750344019002307,pg/mL,False,
D10-3,D10,mAb-C,cytokine_response,3.8797726189602044,pg/mL,False,
D11-0,D11,control,cytokine_response,0.03555693100742863,pg/mL,False,
D11-1,D11,mAb-A,cytokine_response,1.0870945128740501,pg/mL,False,
D11-2,D11,mAb-B,cytokine_response,0.9366843591096918,pg/mL,False,
D11-3,D11,mAb-C,cytokine_response,3.9406641970088296,pg/mL,False,
D12-0,D12,control,cytokine_response,-0.05561239104368454,pg/mL,False,
D12-1,D12,mAb-A,cytokine_response,1.2763209402526818,pg/mL,False,
D12-2,D12,mAb-B,cytokine_response,1.4427197745242215,pg/mL,False,
D12-3,D12,mAb-C,cytokine_response,3.3365716762667805,pg/mL,False,
D13-0,D13,control,cytokine_response,1.028538409840603,pg/mL,False,
D13-1,D13,mAb-A,cytokine_response,0.6388674497988139,pg/mL,False,
D13-2,D13,mAb-B,cytokine_response,1.8157735682503127,pg/mL,False,
D13-3,D13,mAb-C,cytokine_response,2.5168205721102703,pg/mL,False,
D14-0,D14,control,cytokine_response,0.7059522344637936,pg/mL,False,
D14-1,D14,mAb-A,cytokine_response,2.017772371083989,pg/mL,False,
D14-2,D14,mAb-B,cytokine_response,0.4455459308269891,pg/mL,False,
D14-3,D14,mAb-C,cytokine_response,2.830729463625228,pg/mL,False,
D15-0,D15,control,cytokine_response,0.8570608908185157,pg/mL,False,
D15-1,D15,mAb-A,cytokine_response,-0.7381269056269568,pg/mL,False,
D15-2,D15,mAb-B,cytokine_response,0.9273635898821362,pg/mL,False,
D15-3,D15,mAb-C,cytokine_response,4.9537024249263055,pg/mL,False,
D16-0,D16,control,cytokine_response,-0.65306954440904,pg/mL,False,
D16-1,D16,mAb-A,cytokine_response,0.9417457738429338,pg/mL,False,
D16-2,D16,mAb-B,cytokine_response,2.7812122316615433,pg/mL,False,
D16-3,D16,mAb-C,cytokine_response,2.9301115389045633,pg/mL,False,
