observation_id,lot,value,exclude,exclusion_reason
o0000,L01,50.1986,false,
o0001,L01,50.4519,false,
o0002,L01,50.1099,false,
o0003,L02,50.8101,false,
o0004,L02,50.908,false,
o0005,L02,50.1458,false,
o0006,L03,49.5141,false,
o0007,L03,49.2352,false,
o0008,L03,49.9376,false,
o0009,L04,49.7263,false,
o0010,L04,49.3672,false,
o0011,L04,49.8081,false,
o0012,L05,49.4285,false,
o0013,L05,49.2462,false,
o0014,L05,49.137,false,
o0015,L06,50.4756,false,
o0016,L06,50.3712,false,
o0017,L06,50.4228,false,
o0018,L07,48.2167,false,
o0019,L07,49.0659,false,
o0020,L07,48.7792,false,
o0021,L08,50.9386,false,
o0022,L08,50.9779,false,
o0023,L08,50.3127,false,
o0024,L09,48.9596,false,
o0025,L09,49.1989,false,
o0026,L09,49.3592,false,
o0027,L10,50.762,false,
o0028,L10,50.519,false,
o0029,L10,50.8833,false,
o0030,L11,49.3456,false,
o0031,L11,49.8603,false,
o0032,L11,49.8777,false,
o0033,L12,50.8204,false,
o0034,L12,51.0484,false,
o0035,L12,50.6544,false,
o0036,L13,50.1195,false,
o0037,L13,49.9776,false,
o0038,L13,50.8414,false,
o0039,L14,49.585,false,
o0040,L14,50.1736,false,
o0041,L14,49.5634,false,
o0042,L15,50.0013,false,
o0043,L15,50.7684,false,
o0044,L15,50.5824,false,
o0045,L16,49.6658,false,
o0046,L16,50.7107,false,
o0047,L16,50.1762,false,
o0048,L17,49.4312,false,
o0049,L17,49.4893,false,
o0050,L17,49.3656,false,
o0051,L18,50.609,false,
o0052,L18,50.2835,false,
o0053,L18,50.8554,false,
o0054,L19,50.6711,false,
o0055,L19,51.3071,false,
o0056,L19,50.759,false,
o0057,L20,50.2978,false,
o0058,L20,50.389,false,
o0059,L20,50.6574,false,
o0060,L21,49.3078,false,
o0061,L21,49.9144,false,
o0062,L21,50.2414,false,
o0063,L22,50.519,false,
o0064,L22,49.6687,false,
o0065,L22,50.3414,false,
o0066,L23,49.4576,false,
o0067,L23,50.3614,false,
o0068,L23,49.1324,false,
o0069,L24,50.8475,false,
o0070,L24,50.5299,false,
o0071,L24,50.6733,false,
o0072,L25,49.6235,false,
o0073,L25,50.492,false,
o0074,L25,50.5183,false,
