observation_id,value,exclude,exclusion_reason
o0000,49.6868,false,
o0001,49.6783,false,
o0002,50.2837,false,
o0003,51.5569,false,
o0004,48.8518,false,
o0005,48.5313,false,
o0006,49.4865,false,
o0007,49.355,false,
o0008,49.4418,false,
o0009,50.2266,false,
o0010,50.0082,false,
o0011,49.7308,false,
o0012,50.0708,false,
o0013,50.097,false,
o0014,49.8825,false,
o0015,49.7201,false,
o0016,50.4761,false,
o0017,49.7642,false,
o0018,51.2147,false,
o0019,48.834,false,
o0020,48.6103,false,
o0021,50.4391,false,
o0022,50.3018,false,
o0023,49.4064,false,
o0024,50.817,false,
o0025,48.571,false,
o0026,50.3357,false,
o0027,50.3791,false,
o0028,50.9045,false,
o0029,49.5905,false,
