plate_id,well_id,role,sample_id,concentration,concentration_unit,dilution_factor,response,response_unit
plate-1,S-0-0,standard,reference-standard,0.0,ng/mL,,0.0488925696317728,OD450
plate-1,S-0-1,standard,reference-standard,0.0,ng/mL,,0.07836218778581604,OD450
plate-1,S-0-2,standard,reference-standard,0.0,ng/mL,,0.09142892797731743,OD450
plate-1,S-0.5-0,standard,reference-standard,0.5,ng/mL,,0.15100946510121416,OD450
plate-1,S-0.5-1,standard,reference-standard,0.5,ng/mL,,0.14013355428127097,OD450
plate-1,S-0.5-2,standard,reference-standard,0.5,ng/mL,,0.11595489285405242,OD450
plate-1,S-1-0,standard,reference-standard,1.0,ng/mL,,0.19285140974928783,OD450
plate-1,S-1-1,standard,reference-standard,1.0,ng/mL,,0.19847719578171893,OD450
plate-1,S-1-2,standard,reference-standard,1.0,ng/mL,,0.19648902684352695,OD450
plate-1,S-2-0,standard,reference-standard,2.0,ng/mL,,0.332082286128879,OD450
plate-1,S-2-1,standard,reference-standard,2.0,ng/mL,,0.32163262966961176,OD450
plate-1,S-2-2,standard,reference-standard,2.0,ng/mL,,0.32405964419248473,OD450
plate-1,S-5-0,standard,reference-standard,5.0,ng/mL,,0.6631959436590543,OD450
plate-1,S-5-1,standard,reference-standard,5.0,ng/mL,,0.7008707474683693,OD450
plate-1,S-5-2,standard,reference-standard,5.0,ng/mL,,0.6825378454631712,OD450
plate-1,S-10-0,standard,reference-standard,10.0,ng/mL,,1.0880235370565163,OD450
plate-1,S-10-1,standard,reference-standard,10.0,ng/mL,,1.0844208753326483,OD450
plate-1,S-10-2,standard,reference-standard,10.0,ng/mL,,1.0779667380845193,OD450
plate-1,S-20-0,standard,reference-standard,20.0,ng/mL,,1.4666923503667875,OD450
plate-1,S-20-1,standard,reference-standard,20.0,ng/mL,,1.4760612075504425,OD450
plate-1,S-20-2,standard,reference-standard,20.0,ng/mL,,1.4682987679863515,OD450
plate-1,S-50-0,standard,reference-standard,50.0,ng/mL,,1.8221181562764661,OD450
plate-1,S-50-1,standard,reference-standard,50.0,ng/mL,,1.8272366250192407,OD450
plate-1,S-50-2,standard,reference-standard,50.0,ng/mL,,1.8366253718910641,OD450
plate-1,S-100-0,standard,reference-standard,100.0,ng/mL,,1.9681078074922884,OD450
plate-1,S-100-1,standard,reference-standard,100.0,ng/mL,,1.9593702328772546,OD450
plate-1,S-100-2,standard,reference-standard,100.0,ng/mL,,1.9663869243027794,OD450
plate-1,sample-A-0,unknown,sample-A,,ng/mL,2.0,1.3164200494310832,OD450
plate-1,sample-A-1,unknown,sample-A,,ng/mL,2.0,1.2965971308588833,OD450
plate-1,sample-A-2,unknown,sample-A,,ng/mL,2.0,1.3136250987376477,OD450
plate-1,sample-B-0,unknown,sample-B,,ng/mL,4.0,1.6903954218498756,OD450
plate-1,sample-B-1,unknown,sample-B,,ng/mL,4.0,1.7340419422246396,OD450
plate-1,sample-B-2,unknown,sample-B,,ng/mL,4.0,1.7302157241747274,OD450
