"observation_id","independent_unit_id","x","y"
1,1,0.82,0.79
2,2,1.83,1.62
3,3,1.39,1.36
4,4,0.81,1.3
5,5,1.72,1.88
6,6,3.23,3.35
7,7,1.23,1.06
8,8,1.37,1.34
9,9,1.72,1.56
10,10,0.96,0.94
11,11,0.76,0.69
12,12,1.15,1.16
13,13,0.95,0.71
14,14,1,0.83
15,15,1.52,1.44
16,16,1.56,1.26
17,17,2.45,2.36
18,18,1.85,1.9
19,19,0.89,0.95
20,20,0.82,0.77
21,21,1.01,0.82
22,22,0.96,0.88
23,23,3.38,3.42
24,24,1.31,1.15
25,25,1.1,0.96
26,26,1.26,1.12
27,27,1.15,1.02
28,28,1.2,1.29
29,29,1.01,0.87
30,30,1.33,1.13
31,31,0.87,0.82
32,32,1.66,1.33
33,33,1.41,1.14
34,34,1.08,0.93
35,35,1.17,1.09
36,36,0.82,NA
37,37,1.77,1.89
38,38,1.33,1.57
39,39,1.23,1.29
40,40,1.21,1.13
41,41,1.2,1.11
42,42,1.49,1.61
43,43,0.89,0.79
44,44,1.09,1.19
45,45,1.03,0.96
46,46,1.07,1.25
47,47,0.89,0.87
48,48,1.39,1.36
49,49,0.96,0.86
50,50,1.06,1.03
51,51,1.17,0.86
52,52,0.9,0.8
53,53,1.39,1.22
54,54,0.91,0.86
55,55,2.28,2.25
56,56,0.9,0.87
57,57,0.83,NA
58,58,1.34,1.3
59,59,1.32,1.04
60,60,1.02,0.92
61,61,1.04,1.01
62,62,1.27,1.21
63,63,1.08,1.11
64,64,1.1,1.21
65,65,1.39,1.54
66,66,1.07,0.99
67,67,0.79,0.79
68,68,1.02,1.06
69,69,0.94,1.02
70,70,1.99,2.15
71,71,0.7,0.56
72,72,0.84,1.01
73,73,0.66,0.59
74,74,1.1,1.17
75,75,0.9,0.82
76,76,2.06,2.09
77,77,1.31,1.44
78,78,1.03,1.22
79,79,1.61,1.77
80,80,1.52,1.6
81,81,1.11,1.13
82,82,0.85,1.06
83,83,1.2,1.38
84,84,1.09,1.24
85,85,1.27,1.29
86,86,2.06,2.08
87,87,1.21,1.31
88,88,0.77,0.82
89,89,1.06,1.28
90,90,1.02,1.15
91,91,1,1.04
92,92,1.47,1.51
93,93,0.97,1.13
94,94,1.7,1.84
95,95,1.78,1.94
96,96,0.93,1.32
97,97,0.92,1.36
98,98,1.59,1.88
99,99,0.68,0.73
100,100,0.7,0.78
101,101,1.08,1.01
102,102,0.83,0.9
103,103,1.17,1.3
104,104,0.98,0.96
105,105,0.77,0.61
106,106,0.91,1.27
107,107,1.1,1.05
108,108,0.8,1.12
109,109,0.85,0.72
110,110,0.82,0.87
