observation_id,independent_unit_id,x,y
0,0,9.385124323598495,11.340161466106718
1,1,10.159420894453422,14.300827708095401
2,2,13.924745136269625,14.426696659070124
3,3,14.188849502588237,19.549146482804865
4,4,17.663569093422375,18.911113900159563
5,5,24.061197113755828,26.066045057807706
6,6,21.899673226351176,25.241889510774413
7,7,24.39784853720212,25.215840746358552
8,8,23.10501102671295,27.630961395926192
9,9,24.71770216277269,27.793978971158413
10,10,29.94683945924301,32.9528260362542
11,11,28.28380976215379,35.01257473766101
12,12,30.176467547170148,31.91847910237148
13,13,34.70848990150339,37.881371124110515
14,14,34.78658517683465,40.918201130810914
15,15,38.79547654132729,43.2841508756169
16,16,37.59137464975349,42.611270557941765
17,17,43.001509420538596,44.097899472382664
18,18,38.54837000609774,47.236394600952174
19,19,43.11107926988003,50.69121537574878
20,20,44.03997957305055,52.04104782916142
21,21,48.9346778059126,53.550504638504684
22,22,47.39886056834166,54.496769523182195
23,23,54.25020651199432,55.25577154145896
24,24,52.09548861854074,55.8532814891916
25,25,57.84078923573612,61.59184769944722
26,26,57.67152584425977,61.76804795658668
27,27,61.66727962930209,65.14361597211001
28,28,63.71163005617528,71.68708380994373
29,29,62.08275988901741,65.68131538968662
30,30,65.3866281753609,72.98520770644188
31,31,68.43579802543562,70.56110659335012
32,32,69.0993721433236,73.67933799474429
33,33,73.20358127461925,74.96987072142132
34,34,75.06437469257813,78.28468081706775
35,35,73.72775539828395,81.17805412796793
36,36,72.49316159464732,82.77070549465839
37,37,77.88819596571687,87.61756512380722
38,38,82.52957560927861,85.0893072918246
39,39,81.01715694218966,89.98729220194294
40,40,82.58605938492498,89.13299726061402
41,41,84.57389666503802,90.19600536294655
42,42,88.30117756477523,93.80395130245847
43,43,91.78733573942098,92.81144093640057
44,44,87.00605991958375,100.14898792891272
45,45,94.11613846641188,102.46182917754074
46,46,93.38765418965512,100.82343813349743
47,47,93.36332134736615,100.73282819649518
48,48,100.12352948989094,106.63632578699588
49,49,99.45597944856911,107.60626339407304
