"observation_id","independent_unit_id","factor_a","factor_b","value"
1,1,"A","L",26
2,2,"A","L",30
3,3,"A","L",54
4,4,"A","L",25
5,5,"A","L",70
6,6,"A","L",52
7,7,"A","L",51
8,8,"A","L",26
9,9,"A","L",67
10,10,"A","M",18
11,11,"A","M",21
12,12,"A","M",29
13,13,"A","M",17
14,14,"A","M",12
15,15,"A","M",18
16,16,"A","M",35
17,17,"A","M",30
18,18,"A","M",36
19,19,"A","H",36
20,20,"A","H",21
21,21,"A","H",24
22,22,"A","H",18
23,23,"A","H",10
24,24,"A","H",43
25,25,"A","H",28
26,26,"A","H",15
27,27,"A","H",26
28,28,"B","L",27
29,29,"B","L",14
30,30,"B","L",29
31,31,"B","L",19
32,32,"B","L",29
33,33,"B","L",31
34,34,"B","L",41
35,35,"B","L",20
36,36,"B","L",44
37,37,"B","M",42
38,38,"B","M",26
39,39,"B","M",19
40,40,"B","M",16
41,41,"B","M",39
42,42,"B","M",28
43,43,"B","M",21
44,44,"B","M",39
45,45,"B","M",29
46,46,"B","H",20
47,47,"B","H",21
48,48,"B","H",24
49,49,"B","H",17
50,50,"B","H",13
51,51,"B","H",15
52,52,"B","H",15
53,53,"B","H",16
54,54,"B","H",28
