clone,source_name,replicate,date,curve_id,source_row,kd_M,kd_nM,amplitude_au,baseline_au,author_kd_M,author_kd_nM,log_rmse,r2_log,highest_dose_occupancy,status,optimizer_success,optimizer_bound_hit,multistart_sse_spread
C107,107,1,16.4.18,C107_r01,7,5.849776314707003e-10,0.5849776314707004,2296.680324767938,458.635522,5.85e-10,0.5850000000000001,0.06156562964648134,0.7367201407609998,0.999941505658641,within_assay_range,True,False,1.3183898417423734e-16
C107,107,2,16.5.19,C107_r02,14,4.0413857202658826e-10,0.40413857202658826,3155.3503202229244,379.9577185,4.04e-10,0.404,0.03874031718860672,0.844508628426949,0.9999595877760111,within_assay_range,True,False,7.28583859910259e-17
C107,107,3,16.5.21,C107_r03,20,5.9150535726e-10,0.59150535726,2266.358985672645,469.6861333,5.92e-10,0.592,0.024489436371644156,0.9479655050997063,0.999940852962853,within_assay_range,True,False,4.683753385137379e-17
WT,pJK36,1,16.5.19,WT_r01,8,1.1217492453952096e-09,1.1217492453952096,3183.2970936513448,332.4721944,1.12e-09,1.12,0.07405062046666404,0.8242733370064684,0.9998878376572627,within_assay_range,True,False,4.3021142204224816e-16
WT,pJK36,2,16.5.21,WT_r02,15,1.6250100370550357e-09,1.6250100370550358,2842.824923945046,415.3683112,1.63e-09,1.63,0.07363691425026446,0.851675943478419,0.9998375253985804,within_assay_range,True,False,5.412337245047638e-16
WT,pJK36,3,16.6.10,WT_r03,23,1.974993589469883e-09,1.9749935894698831,2006.814059459129,261.4336525,1.97e-09,1.97,0.07823094575371688,0.859660704591763,0.9998025396393477,within_assay_range,True,False,1.4849232954361469e-15
WT,pJK36,4,16.6.28,WT_r04,30,1.894585369971594e-09,1.8945853699715938,1762.1531651982727,288.3685847,1.89e-09,1.89,0.08565209021373843,0.8036619691628895,0.9998105773507409,within_assay_range,True,False,2.42861286636753e-15
WT,pJK36,5,16.6.4,WT_r05,37,1.795497735970994e-09,1.795497735970994,2832.506772823581,292.027937,1.8e-09,1.8,0.04699430153675794,0.9477475682779957,0.9998204824587368,within_assay_range,True,False,1.3183898417423734e-16
WT,pJK36,6,16.6.8,WT_r06,40,4.832226788794764e-09,4.832226788794764,1979.851982900777,314.9006638,4.83e-09,4.83,0.06056224348077442,0.9375604153179493,0.9995170107124979,within_assay_range,True,False,3.95516952522712e-16
WT,pJK36,7,16.7.26,WT_r07,49,2.5395013528126264e-09,2.5395013528126262,4656.038974119657,93.04251101,2.54e-09,2.54,0.062014692932218916,0.9550822288647155,0.9997461143390166,within_assay_range,True,False,1.8735013540549517e-16
WT,pJK36,8,16.7.27,WT_r08,57,6.900626281419041e-09,6.900626281419041,3876.5441181840188,258.5709307,6.9e-09,6.8999999999999995,0.07424954656177599,0.9471605668080592,0.999310413229917,within_assay_range,True,False,9.43689570931383e-16
WT,pJK36,9,16.8.24,WT_r09,68,2.992961066162006e-09,2.992961066162006,9551.705813304452,993.4969563,2.99e-09,2.9899999999999998,0.08616973768923263,0.8684690322201163,0.9997007934447409,within_assay_range,True,False,3.1225022567582528e-15
WT,pJK36,10,16.8.5,WT_r10,69,2.663143936222865e-09,2.6631439362228653,2316.9284373588066,110.7752357,2.66e-09,2.6599999999999997,0.11626766809964001,0.8098637752544977,0.9997337565108511,within_assay_range,True,False,7.993605777301127e-15
C5,5,1,16.7.26,C5_r01,52,3.1907243093105965e-09,3.1907243093105966,3190.947064618205,138.8037526,3.19e-09,3.19,0.04738115797340511,0.974546004208175,0.9996810293438115,within_assay_range,True,False,6.245004513516506e-17
C5,5,2,16.7.27,C5_r02,60,7.883022129565237e-09,7.883022129565237,2094.974565426544,169.2022201,7.88e-09,7.88,0.06958808520038647,0.954927132209308,0.9992123187179413,within_assay_range,True,False,3.0531133177191805e-16
C5,5,3,16.8.5,C5_r03,72,3.7681531615213176e-09,3.7681531615213175,2545.1394482929777,69.63761429,3.77e-09,3.77,0.08647739161467276,0.9265136670264146,0.9996233266201465,within_assay_range,True,False,3.7470027081099033e-16
C93,93,1,16.7.26,C93_r01,55,3.1461710403563614e-08,31.461710403563615,2853.7782796365323,96.53094242,3.15e-08,31.499999999999996,0.16267689097988047,0.8947484968772103,0.9968636963074947,within_assay_range,True,False,1.7763568394002505e-14
C93,93,2,16.7.27,C93_r02,63,4.182469617079435e-08,41.82469617079435,3140.4089799474946,189.7792141,4.18e-08,41.8,0.14165377864254042,0.9112855285547391,0.9958349505755917,within_assay_range,True,False,8.965050923848139e-15
C93,93,3,16.8.5,C93_r03,74,6.923749501548247e-08,69.23749501548248,2959.747744582138,80.55866514,6.92e-08,69.2,0.11901267466295164,0.9551315407511828,0.993123859175061,within_assay_range,True,False,8.881784197001252e-16
C39,39,1,16.7.22,C39_r01,44,8.279772720117371e-08,82.79772720117371,1305.8082073646942,253.8567694,8.28e-08,82.8,0.07885574534573642,0.9422825334768721,0.9917882189605169,within_assay_range,True,False,5.537237335317968e-15
C39,39,2,16.7.26,C39_r02,48,3.1211746426569035e-08,31.211746426569036,1979.4659131667238,113.6797187,3.12e-08,31.200000000000003,0.08910704598789976,0.9638384926876306,0.9968885367774548,within_assay_range,True,False,1.3877787807814457e-16
C39,39,3,16.7.27,C39_r03,56,2.1557019418312985e-07,215.57019418312984,1059.6995815343498,150.4018306,2.16e-07,216.0,0.0648268694279872,0.9628368280259411,0.9788978794051185,within_assay_range,True,False,6.938893903907228e-17
OPT,opt,1,16.8.24,OPT_r01,65,7.625389942466838e-11,0.07625389942466838,9887.83506152845,1172.918731,7.63e-11,0.07629999999999999,0.03151284101282872,0.38388769729304995,0.9999923746682037,below_assay_range,True,False,6.591949208711867e-17
OPT,opt,2,16.8.24,OPT_r02,66,6.478778614069355e-11,0.06478778614069355,15460.674306339946,927.742712,6.48e-11,0.0648,0.03448190186754748,0.31007104688785414,0.9999935212633603,below_assay_range,True,False,9.194034422677078e-17
OPT,opt,3,16.8.24,OPT_r03,67,9.589256484266083e-11,0.09589256484266083,12729.694288252062,1484.629757,9.59e-11,0.0959,0.03730797524954039,0.41688970163718053,0.9999904108354687,below_assay_range,True,False,7.979727989493313e-17
