observation_id,batch,time,value
0-0-0,1,0,100.24713492015263
0-0-1,1,0,100.18631879655932
0-3-0,1,3,99.1741741260462
0-3-1,1,3,98.99530633724474
0-6-0,1,6,97.95127879284335
0-6-1,1,6,97.88571368934255
0-9-0,1,9,98.09718836201648
0-9-1,1,9,97.3177619268165
0-12-0,1,12,96.23956761572623
0-12-1,1,12,95.92088594832192
1-0-0,2,0,100.32343190934266
1-0-1,2,0,99.82873756128932
1-3-0,2,3,99.13300045354596
1-3-1,2,3,98.83551464241324
1-6-0,2,6,98.34132383339703
1-6-1,2,6,98.25326660181263
1-9-0,2,9,97.41708931778088
1-9-1,2,9,97.90721269861241
1-12-0,2,12,95.5235107724474
1-12-1,2,12,96.52669367782484
2-0-0,3,0,99.90464147423458
2-0-1,3,0,99.84359492492497
2-3-0,3,3,98.90024557614903
2-3-1,3,3,98.99629074129153
2-6-0,3,6,97.87855092698372
2-6-1,3,6,98.4078135493974
2-9-0,3,9,97.58494163920965
2-9-1,3,9,97.26742945359331
2-12-0,3,12,96.71253689390201
2-12-1,3,12,96.36599633727963
