observation_id,independent_unit_id,arm,group,outcome,value,unit
vehicle-m1-day0,vehicle-m1,vehicle,day0,body_weight_change,1.5797834815908258,%
vehicle-m1-day7,vehicle-m1,vehicle,day7,body_weight_change,1.5997798062017177,%
vehicle-m1-day14,vehicle-m1,vehicle,day14,body_weight_change,4.9010967185007495,%
vehicle-m1-day21,vehicle-m1,vehicle,day21,body_weight_change,4.262795053492017,%
vehicle-m1-day28,vehicle-m1,vehicle,day28,body_weight_change,4.648134012755958,%
vehicle-m2-day0,vehicle-m2,vehicle,day0,body_weight_change,-3.821296712528157,%
vehicle-m2-day7,vehicle-m2,vehicle,day7,body_weight_change,-5.03505598921736,%
vehicle-m2-day14,vehicle-m2,vehicle,day14,body_weight_change,-3.492080147310385,%
vehicle-m2-day21,vehicle-m2,vehicle,day21,body_weight_change,-0.016371873411070936,%
vehicle-m2-day28,vehicle-m2,vehicle,day28,body_weight_change,-0.9491952475009187,%
vehicle-m3-day0,vehicle-m3,vehicle,day0,body_weight_change,3.169240481984711,%
vehicle-m3-day7,vehicle-m3,vehicle,day7,body_weight_change,3.1334329346658345,%
vehicle-m3-day14,vehicle-m3,vehicle,day14,body_weight_change,2.6660836635986476,%
vehicle-m3-day21,vehicle-m3,vehicle,day21,body_weight_change,4.88913861785865,%
vehicle-m3-day28,vehicle-m3,vehicle,day28,body_weight_change,3.9544147266872107,%
vehicle-m4-day0,vehicle-m4,vehicle,day0,body_weight_change,-1.8136567349804236,%
vehicle-m4-day7,vehicle-m4,vehicle,day7,body_weight_change,3.959817025208245,%
vehicle-m4-day14,vehicle-m4,vehicle,day14,body_weight_change,3.5251931751337535,%
vehicle-m4-day21,vehicle-m4,vehicle,day21,body_weight_change,4.156529156775181,%
vehicle-m4-day28,vehicle-m4,vehicle,day28,body_weight_change,3.215556714488183,%
vehicle-m5-day0,vehicle-m5,vehicle,day0,body_weight_change,-0.8994917178540973,%
vehicle-m5-day7,vehicle-m5,vehicle,day7,body_weight_change,0.9429616525676424,%
vehicle-m5-day14,vehicle-m5,vehicle,day14,body_weight_change,4.382220805975006,%
vehicle-m5-day21,vehicle-m5,vehicle,day21,body_weight_change,4.65548172267985,%
vehicle-m5-day28,vehicle-m5,vehicle,day28,body_weight_change,3.64750280692841,%
vehicle-m6-day0,vehicle-m6,vehicle,day0,body_weight_change,2.668308677202884,%
vehicle-m6-day7,vehicle-m6,vehicle,day7,body_weight_change,3.400224593440298,%
vehicle-m6-day14,vehicle-m6,vehicle,day14,body_weight_change,4.097285023157662,%
vehicle-m6-day21,vehicle-m6,vehicle,day21,body_weight_change,5.915867289282785,%
vehicle-m6-day28,vehicle-m6,vehicle,day28,body_weight_change,7.472312104469186,%
vehicle-m7-day0,vehicle-m7,vehicle,day0,body_weight_change,0.6193934496109249,%
vehicle-m7-day7,vehicle-m7,vehicle,day7,body_weight_change,3.280390654051135,%
vehicle-m7-day14,vehicle-m7,vehicle,day14,body_weight_change,1.5893838226614179,%
vehicle-m7-day21,vehicle-m7,vehicle,day21,body_weight_change,4.92272413310196,%
vehicle-m7-day28,vehicle-m7,vehicle,day28,body_weight_change,3.8498933717666093,%
vehicle-m8-day0,vehicle-m8,vehicle,day0,body_weight_change,-2.6733612653575904,%
vehicle-m8-day7,vehicle-m8,vehicle,day7,body_weight_change,2.875902236094886,%
vehicle-m8-day14,vehicle-m8,vehicle,day14,body_weight_change,2.412215449650555,%
vehicle-m8-day21,vehicle-m8,vehicle,day21,body_weight_change,3.4859909030581435,%
vehicle-m8-day28,vehicle-m8,vehicle,day28,body_weight_change,4.066161363440418,%
mAb-low-m1-day0,mAb-low-m1,mAb-low,day0,body_weight_change,2.7393902948612765,%
mAb-low-m1-day7,mAb-low-m1,mAb-low,day7,body_weight_change,0.3204165525657961,%
mAb-low-m1-day14,mAb-low-m1,mAb-low,day14,body_weight_change,-0.0490347689067252,%
mAb-low-m1-day21,mAb-low-m1,mAb-low,day21,body_weight_change,0.08134436464945582,%
mAb-low-m1-day28,mAb-low-m1,mAb-low,day28,body_weight_change,1.5183774535917125,%
mAb-low-m2-day0,mAb-low-m2,mAb-low,day0,body_weight_change,-2.5776736531585396,%
mAb-low-m2-day7,mAb-low-m2,mAb-low,day7,body_weight_change,-3.7743482210631343,%
mAb-low-m2-day14,mAb-low-m2,mAb-low,day14,body_weight_change,-2.718348795978569,%
mAb-low-m2-day21,mAb-low-m2,mAb-low,day21,body_weight_change,0.5037439274175106,%
mAb-low-m2-day28,mAb-low-m2,mAb-low,day28,body_weight_change,0.6864261492669126,%
mAb-low-m3-day0,mAb-low-m3,mAb-low,day0,body_weight_change,0.22140013139489245,%
mAb-low-m3-day7,mAb-low-m3,mAb-low,day7,body_weight_change,-3.0488012843051697,%
mAb-low-m3-day14,mAb-low-m3,mAb-low,day14,body_weight_change,1.2472459203235833,%
mAb-low-m3-day21,mAb-low-m3,mAb-low,day21,body_weight_change,1.0962612295095093,%
mAb-low-m3-day28,mAb-low-m3,mAb-low,day28,body_weight_change,3.343931866768339,%
mAb-low-m4-day0,mAb-low-m4,mAb-low,day0,body_weight_change,0.6216372740163082,%
mAb-low-m4-day7,mAb-low-m4,mAb-low,day7,body_weight_change,1.6685382931997128,%
mAb-low-m4-day14,mAb-low-m4,mAb-low,day14,body_weight_change,3.27073488434837,%
mAb-low-m4-day21,mAb-low-m4,mAb-low,day21,body_weight_change,0.4013131227379274,%
mAb-low-m4-day28,mAb-low-m4,mAb-low,day28,body_weight_change,4.5916705412103305,%
mAb-low-m5-day0,mAb-low-m5,mAb-low,day0,body_weight_change,-1.2523098151029104,%
mAb-low-m5-day7,mAb-low-m5,mAb-low,day7,body_weight_change,-2.3268263409769734,%
mAb-low-m5-day14,mAb-low-m5,mAb-low,day14,body_weight_change,-0.4297497401665742,%
mAb-low-m5-day21,mAb-low-m5,mAb-low,day21,body_weight_change,-0.031630992714276274,%
mAb-low-m5-day28,mAb-low-m5,mAb-low,day28,body_weight_change,0.4439798813175,%
mAb-low-m6-day0,mAb-low-m6,mAb-low,day0,body_weight_change,1.2580976198330431,%
mAb-low-m6-day7,mAb-low-m6,mAb-low,day7,body_weight_change,0.5498465638458871,%
mAb-low-m6-day14,mAb-low-m6,mAb-low,day14,body_weight_change,3.205672093288023,%
mAb-low-m6-day21,mAb-low-m6,mAb-low,day21,body_weight_change,1.840092934605158,%
mAb-low-m6-day28,mAb-low-m6,mAb-low,day28,body_weight_change,1.6027703713489831,%
mAb-low-m7-day0,mAb-low-m7,mAb-low,day0,body_weight_change,0.15008654942322752,%
mAb-low-m7-day7,mAb-low-m7,mAb-low,day7,body_weight_change,-0.8454605104583579,%
mAb-low-m7-day14,mAb-low-m7,mAb-low,day14,body_weight_change,0.4676362490261958,%
mAb-low-m7-day21,mAb-low-m7,mAb-low,day21,body_weight_change,-0.2590166884990125,%
mAb-low-m7-day28,mAb-low-m7,mAb-low,day28,body_weight_change,-1.2162669576650307,%
mAb-low-m8-day0,mAb-low-m8,mAb-low,day0,body_weight_change,2.3662816015679247,%
mAb-low-m8-day7,mAb-low-m8,mAb-low,day7,body_weight_change,-0.9349367505822994,%
mAb-low-m8-day14,mAb-low-m8,mAb-low,day14,body_weight_change,1.2346564861674059,%
mAb-low-m8-day21,mAb-low-m8,mAb-low,day21,body_weight_change,-1.6185080288850135,%
mAb-low-m8-day28,mAb-low-m8,mAb-low,day28,body_weight_change,-1.124433887720727,%
mAb-high-m1-day0,mAb-high-m1,mAb-high,day0,body_weight_change,3.356351257599448,%
mAb-high-m1-day7,mAb-high-m1,mAb-high,day7,body_weight_change,-0.3205832234264772,%
mAb-high-m1-day14,mAb-high-m1,mAb-high,day14,body_weight_change,-1.352507985850735,%
mAb-high-m1-day21,mAb-high-m1,mAb-high,day21,body_weight_change,-2.276226129121145,%
mAb-high-m1-day28,mAb-high-m1,mAb-high,day28,body_weight_change,-2.1467443203050367,%
mAb-high-m2-day0,mAb-high-m2,mAb-high,day0,body_weight_change,0.046887769282277836,%
mAb-high-m2-day7,mAb-high-m2,mAb-high,day7,body_weight_change,-3.1668452996504177,%
mAb-high-m2-day14,mAb-high-m2,mAb-high,day14,body_weight_change,-3.196504430913648,%
mAb-high-m2-day21,mAb-high-m2,mAb-high,day21,body_weight_change,-2.3719298739129138,%
mAb-high-m2-day28,mAb-high-m2,mAb-high,day28,body_weight_change,-3.284183525928392,%
mAb-high-m3-day0,mAb-high-m3,mAb-high,day0,body_weight_change,0.3294214561083656,%
mAb-high-m3-day7,mAb-high-m3,mAb-high,day7,body_weight_change,-3.0981874841517953,%
mAb-high-m3-day14,mAb-high-m3,mAb-high,day14,body_weight_change,-1.8101281916438239,%
mAb-high-m3-day21,mAb-high-m3,mAb-high,day21,body_weight_change,-3.871928657394313,%
mAb-high-m3-day28,mAb-high-m3,mAb-high,day28,body_weight_change,-3.9008150159414585,%
mAb-high-m4-day0,mAb-high-m4,mAb-high,day0,body_weight_change,-2.2195751217780906,%
mAb-high-m4-day7,mAb-high-m4,mAb-high,day7,body_weight_change,-7.420129161840463,%
mAb-high-m4-day14,mAb-high-m4,mAb-high,day14,body_weight_change,-6.2321200744734355,%
mAb-high-m4-day21,mAb-high-m4,mAb-high,day21,body_weight_change,-8.87183756478273,%
mAb-high-m4-day28,mAb-high-m4,mAb-high,day28,body_weight_change,-7.455041945936682,%
mAb-high-m5-day0,mAb-high-m5,mAb-high,day0,body_weight_change,-5.8030657731598625,%
mAb-high-m5-day7,mAb-high-m5,mAb-high,day7,body_weight_change,-5.9829936743500305,%
mAb-high-m5-day14,mAb-high-m5,mAb-high,day14,body_weight_change,-4.656544703425134,%
mAb-high-m5-day21,mAb-high-m5,mAb-high,day21,body_weight_change,-3.359090081562316,%
mAb-high-m5-day28,mAb-high-m5,mAb-high,day28,body_weight_change,-6.60732455580588,%
mAb-high-m6-day0,mAb-high-m6,mAb-high,day0,body_weight_change,1.1284527564985423,%
mAb-high-m6-day7,mAb-high-m6,mAb-high,day7,body_weight_change,0.053271942300260944,%
mAb-high-m6-day14,mAb-high-m6,mAb-high,day14,body_weight_change,-3.15047333242617,%
mAb-high-m6-day21,mAb-high-m6,mAb-high,day21,body_weight_change,-3.0457139582908175,%
mAb-high-m6-day28,mAb-high-m6,mAb-high,day28,body_weight_change,-3.8341176188522876,%
mAb-high-m7-day0,mAb-high-m7,mAb-high,day0,body_weight_change,-1.331781882101614,%
mAb-high-m7-day7,mAb-high-m7,mAb-high,day7,body_weight_change,-2.3709385805978793,%
mAb-high-m7-day14,mAb-high-m7,mAb-high,day14,body_weight_change,-2.7393316693576804,%
mAb-high-m7-day21,mAb-high-m7,mAb-high,day21,body_weight_change,-6.130429769967661,%
mAb-high-m7-day28,mAb-high-m7,mAb-high,day28,body_weight_change,-4.567731170217427,%
mAb-high-m8-day0,mAb-high-m8,mAb-high,day0,body_weight_change,1.0949939368615362,%
mAb-high-m8-day7,mAb-high-m8,mAb-high,day7,body_weight_change,2.789063526582857,%
mAb-high-m8-day14,mAb-high-m8,mAb-high,day14,body_weight_change,-0.8995621203848333,%
mAb-high-m8-day21,mAb-high-m8,mAb-high,day21,body_weight_change,-1.3711584491227282,%
mAb-high-m8-day28,mAb-high-m8,mAb-high,day28,body_weight_change,-2.0793597952629,%
