"day","run","value","observation_id"
"1","1",24.1042125406393,"o001"
"1","1",26.6786326162891,"o002"
"1","2",24.9205328820462,"o003"
"1","2",25.1274620831429,"o004"
"2","1",27.5008185489825,"o005"
"2","1",28.661877185527,"o006"
"2","2",28.0864208220341,"o007"
"2","2",26.7759896619494,"o008"
"3","1",27.4088090350516,"o009"
"3","1",24.0626033718373,"o010"
"3","2",22.3583602480495,"o011"
"3","2",23.8455355188087,"o012"
"4","1",22.0776215680546,"o013"
"4","1",19.9905980550292,"o014"
"4","2",26.8653430370249,"o015"
"4","2",23.3047003043527,"o016"
"5","1",25.4693483740682,"o017"
"5","1",22.6661375094497,"o018"
"5","2",22.8411779463618,"o019"
"5","2",23.9492557804777,"o020"
"6","1",25.7012263196633,"o021"
"6","1",25.5401255225942,"o022"
"6","2",25.1018255679768,"o023"
"6","2",24.2800739435386,"o024"
"7","1",24.3475853031291,"o025"
"7","1",26.277099566231,"o026"
"7","2",25.7697441526076,"o027"
"7","2",28.5094800438493,"o028"
"8","1",21.8355038184418,"o029"
"8","1",21.6869856861252,"o030"
"8","2",26.5231471852749,"o031"
"8","2",24.7743228863516,"o032"
"9","1",24.7650239409608,"o033"
"9","1",27.8358878342439,"o034"
"9","2",22.5596188102601,"o035"
"9","2",26.0582115095765,"o036"
"10","1",21.0499634860181,"o037"
"10","1",23.3300246368949,"o038"
"10","2",25.9878505463569,"o039"
"10","2",25.9019138864325,"o040"
"11","1",24.7244468992921,"o041"
"11","1",23.1258809108337,"o042"
"11","2",23.7223869580915,"o043"
"11","2",28.0073486710778,"o044"
"12","1",26.6597207987245,"o045"
"12","1",25.9800183863893,"o046"
"12","2",23.2849939816916,"o047"
"12","2",25.9917111682151,"o048"
"13","1",25.5587689556747,"o049"
"13","1",23.1168774452524,"o050"
"13","2",23.6386692904113,"o051"
"13","2",24.3044275031831,"o052"
"14","1",22.6384116563522,"o053"
"14","1",24.7811074930328,"o054"
"14","2",25.3426095360241,"o055"
"14","2",25.9151546903817,"o056"
"15","1",24.7072694992649,"o057"
"15","1",24.9563063344061,"o058"
"15","2",28.5607287407478,"o059"
"15","2",26.5185825874721,"o060"
"16","1",26.1896865387095,"o061"
"16","1",26.0917540850881,"o062"
"16","2",26.5250381756942,"o063"
"16","2",23.801774715992,"o064"
"17","1",24.590102400704,"o065"
"17","1",25.8440397362701,"o066"
"17","2",26.295620533864,"o067"
"17","2",25.7052869503203,"o068"
"18","1",27.1102158211297,"o069"
"18","1",24.9261727190795,"o070"
"18","2",24.4665059577804,"o071"
"18","2",25.2602303863429,"o072"
"19","1",22.7415834263087,"o073"
"19","1",22.3161882128006,"o074"
"19","2",24.3496224005835,"o075"
"19","2",26.482803497323,"o076"
"20","1",25.735606291617,"o077"
"20","1",26.1110912529517,"o078"
"20","2",25.0201623057167,"o079"
"20","2",23.9069503040282,"o080"
