observation_id,lot,run,analyst,operator,covariate,value
0-0-0,L0,R0,A0,O0,-1.0881403187084582,98.42812875267397
0-0-1,L0,R0,A1,O1,0.2556738966880674,98.87644956372762
0-0-2,L0,R0,A2,O0,-0.20588184294551248,98.734959183421
0-1-0,L0,R1,A1,O0,-0.8933759676570086,96.77476610059345
0-1-1,L0,R1,A2,O1,-1.2384472404756917,97.1199156505138
0-1-2,L0,R1,A3,O0,-1.0745134283616555,97.42903632734908
0-2-0,L0,R2,A2,O0,-0.23339762957407775,99.88787983247677
0-2-1,L0,R2,A3,O1,0.7956151042269232,99.28986800913779
0-2-2,L0,R2,A0,O0,1.225501948468262,98.57694269486326
0-3-0,L0,R3,A3,O0,-0.11211330231934,99.43923843767394
0-3-1,L0,R3,A0,O1,-1.3494790837717043,99.40009890918441
0-3-2,L0,R3,A1,O0,1.0992354809177214,100.3038141555676
1-0-0,L1,R0,A1,O0,-0.6755809562647724,98.6202384634776
1-0-1,L1,R0,A2,O1,0.6464314603587129,99.87854086025312
1-0-2,L1,R0,A3,O0,-1.5608904330812907,98.77533894332315
1-1-0,L1,R1,A2,O0,-1.1010798658202787,97.59399940198789
1-1-1,L1,R1,A3,O1,-0.06688194546302409,98.45438847356884
1-1-2,L1,R1,A0,O0,2.8179257140056704,98.02548320289414
1-2-0,L1,R2,A3,O0,1.2693115515513416,96.97765790614199
1-2-1,L1,R2,A0,O1,-0.39841602392547143,98.14224103275251
1-2-2,L1,R2,A1,O0,-0.5509423919316516,98.38779332923997
1-3-0,L1,R3,A0,O0,-0.577042187467968,97.40463301248592
1-3-1,L1,R3,A1,O1,0.12876270223560554,97.29295463452617
1-3-2,L1,R3,A2,O0,1.8354162487259718,95.45721801769241
2-0-0,L2,R0,A2,O0,1.0418053454045548,104.06329353598332
2-0-1,L2,R0,A3,O1,0.6310862562307266,103.64760425309517
2-0-2,L2,R0,A0,O0,0.9386709794840741,103.61652948730445
2-1-0,L2,R1,A3,O0,1.2212705308815248,103.0776303034343
2-1-1,L2,R1,A0,O1,-0.29696480699012767,102.63645333472294
2-1-2,L2,R1,A1,O0,1.408283865520418,102.16524124727073
2-2-0,L2,R2,A0,O0,-0.1395929187555585,103.33413688064917
2-2-1,L2,R2,A1,O1,1.8227631039380874,104.73554842510568
2-2-2,L2,R2,A2,O0,-2.4241835160961376,103.35377381081304
2-3-0,L2,R3,A1,O0,-1.0178269323378348,101.0635587710204
2-3-1,L2,R3,A2,O1,-0.14601815378421573,103.09863641719316
2-3-2,L2,R3,A3,O0,-0.24384171241409566,103.03288349376267
3-0-0,L3,R0,A3,O0,-0.31729041685902426,97.6035399726807
3-0-1,L3,R0,A0,O1,0.7696062453856112,98.31446491911626
3-0-2,L3,R0,A1,O0,0.1732750001182177,97.22214822885083
3-1-0,L3,R1,A0,O0,-0.1587725036133415,96.64969832131773
3-1-1,L3,R1,A1,O1,-0.06476457846912849,96.39829234864331
3-1-2,L3,R1,A2,O0,0.27710976370157275,95.33860005930963
3-2-0,L3,R2,A1,O0,-1.643045930156494,97.46294685512255
3-2-1,L3,R2,A2,O1,-1.123806377506465,94.59416420981299
3-2-2,L3,R2,A3,O0,0.9258011535386523,94.99220986603886
3-3-0,L3,R3,A2,O0,-0.9953424731662074,99.96497594996254
3-3-1,L3,R3,A3,O1,1.7829672993295747,100.72579825074868
3-3-2,L3,R3,A0,O0,-1.5760720344363006,97.86057377081367
4-0-0,L4,R0,A0,O0,0.4901365402677815,99.71243233539379
4-0-1,L4,R0,A1,O1,-0.22564837632285673,97.46273372417573
4-0-2,L4,R0,A2,O0,-0.6871482393429034,99.76633134329524
4-1-0,L4,R1,A1,O0,-1.355677760255922,95.89429503370407
4-1-1,L4,R1,A2,O1,-0.3559421667174233,97.14418723295057
4-1-2,L4,R1,A3,O0,-0.42782653633363116,97.50623943145379
4-2-0,L4,R2,A2,O0,1.7649380496271592,98.61468329452563
4-2-1,L4,R2,A3,O1,1.4929469107107551,99.34548114520715
4-2-2,L4,R2,A0,O0,-0.3364883127467013,98.01745336138013
4-3-0,L4,R3,A3,O0,-1.313540713542717,98.26819811836653
4-3-1,L4,R3,A0,O1,0.33052731867849033,99.56388690725255
4-3-2,L4,R3,A1,O0,0.1349451430778206,96.72502477996906
5-0-0,L5,R0,A1,O0,-0.5920498514852153,100.74814136033432
5-0-1,L5,R0,A2,O1,0.26929870248315946,102.0026526785591
5-0-2,L5,R0,A3,O0,0.6579673134169209,102.35545841995456
5-1-0,L5,R1,A2,O0,2.008886860556307,102.19705611929865
5-1-1,L5,R1,A3,O1,1.7626267563597235,102.27718188447044
5-1-2,L5,R1,A0,O0,0.3941839954972063,102.43891476438213
5-2-0,L5,R2,A3,O0,0.893978835400835,102.26997244483464
5-2-1,L5,R2,A0,O1,-0.2614197352300845,101.1680405710722
5-2-2,L5,R2,A1,O0,0.2875281012815059,102.79006254797318
5-3-0,L5,R3,A0,O0,0.9364283664086581,102.21683738872298
5-3-1,L5,R3,A1,O1,1.1871757869649087,102.01902675135146
5-3-2,L5,R3,A2,O0,0.4973829245481035,102.46207678854388
