"value","plate","sample","observation_id"
27,"a","A","o001"
23,"a","B","o002"
26,"a","C","o003"
23,"a","D","o004"
23,"a","E","o005"
21,"a","F","o006"
27,"b","A","o007"
23,"b","B","o008"
26,"b","C","o009"
23,"b","D","o010"
23,"b","E","o011"
21,"b","F","o012"
25,"c","A","o013"
21,"c","B","o014"
25,"c","C","o015"
24,"c","D","o016"
24,"c","E","o017"
20,"c","F","o018"
26,"d","A","o019"
23,"d","B","o020"
25,"d","C","o021"
23,"d","D","o022"
23,"d","E","o023"
20,"d","F","o024"
25,"e","A","o025"
22,"e","B","o026"
26,"e","C","o027"
22,"e","D","o028"
23,"e","E","o029"
20,"e","F","o030"
24,"f","A","o031"
22,"f","B","o032"
25,"f","C","o033"
23,"f","D","o034"
22,"f","E","o035"
19,"f","F","o036"
24,"g","A","o037"
20,"g","B","o038"
23,"g","C","o039"
21,"g","D","o040"
22,"g","E","o041"
19,"g","F","o042"
26,"h","A","o043"
22,"h","B","o044"
26,"h","C","o045"
24,"h","D","o046"
24,"h","E","o047"
21,"h","F","o048"
24,"i","A","o049"
21,"i","B","o050"
24,"i","C","o051"
22,"i","D","o052"
22,"i","E","o053"
20,"i","F","o054"
24,"j","A","o055"
21,"j","B","o056"
24,"j","C","o057"
23,"j","D","o058"
22,"j","E","o059"
19,"j","F","o060"
26,"k","A","o061"
23,"k","B","o062"
26,"k","C","o063"
24,"k","D","o064"
24,"k","E","o065"
21,"k","F","o066"
25,"l","A","o067"
22,"l","B","o068"
26,"l","C","o069"
24,"l","D","o070"
24,"l","E","o071"
20,"l","F","o072"
26,"m","A","o073"
24,"m","B","o074"
26,"m","C","o075"
24,"m","D","o076"
25,"m","E","o077"
22,"m","F","o078"
26,"n","A","o079"
23,"n","B","o080"
26,"n","C","o081"
23,"n","D","o082"
23,"n","E","o083"
20,"n","F","o084"
26,"o","A","o085"
23,"o","B","o086"
25,"o","C","o087"
24,"o","D","o088"
24,"o","E","o089"
22,"o","F","o090"
25,"p","A","o091"
22,"p","B","o092"
25,"p","C","o093"
23,"p","D","o094"
23,"p","E","o095"
20,"p","F","o096"
25,"q","A","o097"
21,"q","B","o098"
24,"q","C","o099"
23,"q","D","o100"
23,"q","E","o101"
20,"q","F","o102"
25,"r","A","o103"
22,"r","B","o104"
24,"r","C","o105"
23,"r","D","o106"
23,"r","E","o107"
19,"r","F","o108"
24,"s","A","o109"
21,"s","B","o110"
23,"s","C","o111"
21,"s","D","o112"
21,"s","E","o113"
19,"s","F","o114"
26,"t","A","o115"
23,"t","B","o116"
26,"t","C","o117"
24,"t","D","o118"
24,"t","E","o119"
21,"t","F","o120"
25,"u","A","o121"
21,"u","B","o122"
24,"u","C","o123"
22,"u","D","o124"
22,"u","E","o125"
18,"u","F","o126"
25,"v","A","o127"
22,"v","B","o128"
25,"v","C","o129"
22,"v","D","o130"
22,"v","E","o131"
20,"v","F","o132"
24,"w","A","o133"
21,"w","B","o134"
24,"w","C","o135"
22,"w","D","o136"
24,"w","E","o137"
19,"w","F","o138"
24,"x","A","o139"
21,"x","B","o140"
24,"x","C","o141"
22,"x","D","o142"
21,"x","E","o143"
18,"x","F","o144"
