observation_id,subject_id,run_id,replicate_id,signal,nc_signal,inhibited_signal,lot,population,treatment_status,exclude,exclusion_reason
S0-R0-W0,S000,R0,0,59.93471322176753,54.598150033144236,,L1,synthetic_negative,drug_naive,false,
S0-R0-W1,S000,R0,1,58.89402206164648,54.598150033144236,,L1,synthetic_negative,drug_naive,false,
S0-R1-W0,S000,R1,0,50.04482327502694,54.598150033144236,,L1,synthetic_negative,drug_naive,false,
S0-R1-W1,S000,R1,1,51.36521492420479,54.598150033144236,,L1,synthetic_negative,drug_naive,false,
S0-R2-W0,S000,R2,0,56.23358901643162,54.598150033144236,,L1,synthetic_negative,drug_naive,false,
S0-R2-W1,S000,R2,1,58.07558442379367,54.598150033144236,,L1,synthetic_negative,drug_naive,false,
S0-R3-W0,S000,R3,0,47.57514211378821,54.598150033144236,,L1,synthetic_negative,drug_naive,false,
S0-R3-W1,S000,R3,1,48.15833009317465,54.598150033144236,,L1,synthetic_negative,drug_naive,false,
S0-R4-W0,S000,R4,0,50.30771441306003,54.598150033144236,,L1,synthetic_negative,drug_naive,false,
S0-R4-W1,S000,R4,1,49.27369743456336,54.598150033144236,,L1,synthetic_negative,drug_naive,false,
S0-R5-W0,S000,R5,0,46.15955774381003,54.598150033144236,,L1,synthetic_negative,drug_naive,false,
S0-R5-W1,S000,R5,1,46.172683931753255,54.598150033144236,,L1,synthetic_negative,drug_naive,false,
S1-R0-W0,S001,R0,0,55.05677779175839,54.598150033144236,,L1,synthetic_negative,drug_naive,false,
S1-R0-W1,S001,R0,1,53.57498632046335,54.598150033144236,,L1,synthetic_negative,drug_naive,false,
S1-R1-W0,S001,R1,0,59.53991466354611,54.598150033144236,,L1,synthetic_negative,drug_naive,false,
S1-R1-W1,S001,R1,1,57.70957733287242,54.598150033144236,,L1,synthetic_negative,drug_naive,false,
S1-R2-W0,S001,R2,0,62.645680169940036,54.598150033144236,,L1,synthetic_negative,drug_naive,false,
S1-R2-W1,S001,R2,1,63.202555197642184,54.598150033144236,,L1,synthetic_negative,drug_naive,false,
S1-R3-W0,S001,R3,0,67.53276349356253,54.598150033144236,,L1,synthetic_negative,drug_naive,false,
S1-R3-W1,S001,R3,1,67.27954671154919,54.598150033144236,,L1,synthetic_negative,drug_naive,false,
S1-R4-W0,S001,R4,0,55.61272681076887,54.598150033144236,,L1,synthetic_negative,drug_naive,false,
S1-R4-W1,S001,R4,1,55.65667181051971,54.598150033144236,,L1,synthetic_negative,drug_naive,false,
S1-R5-W0,S001,R5,0,68.04820671937325,54.598150033144236,,L1,synthetic_negative,drug_naive,false,
S1-R5-W1,S001,R5,1,68.00809765736078,54.598150033144236,,L1,synthetic_negative,drug_naive,false,
S2-R0-W0,S002,R0,0,52.4897817146744,54.598150033144236,,L1,synthetic_negative,drug_naive,false,
S2-R0-W1,S002,R0,1,51.3354199483077,54.598150033144236,,L1,synthetic_negative,drug_naive,false,
S2-R1-W0,S002,R1,0,45.059534659635396,54.598150033144236,,L1,synthetic_negative,drug_naive,false,
S2-R1-W1,S002,R1,1,44.794738000132604,54.598150033144236,,L1,synthetic_negative,drug_naive,false,
S2-R2-W0,S002,R2,0,50.30421568743306,54.598150033144236,,L1,synthetic_negative,drug_naive,false,
S2-R2-W1,S002,R2,1,49.99304491525404,54.598150033144236,,L1,synthetic_negative,drug_naive,false,
S2-R3-W0,S002,R3,0,43.67343332625618,54.598150033144236,,L1,synthetic_negative,drug_naive,false,
S2-R3-W1,S002,R3,1,43.79484585107366,54.598150033144236,,L1,synthetic_negative,drug_naive,false,
S2-R4-W0,S002,R4,0,42.19314386641965,54.598150033144236,,L1,synthetic_negative,drug_naive,false,
S2-R4-W1,S002,R4,1,41.54546856862323,54.598150033144236,,L1,synthetic_negative,drug_naive,false,
S2-R5-W0,S002,R5,0,51.490888724735335,54.598150033144236,,L1,synthetic_negative,drug_naive,false,
S2-R5-W1,S002,R5,1,50.937736819030164,54.598150033144236,,L1,synthetic_negative,drug_naive,false,
S3-R0-W0,S003,R0,0,60.14509854554987,54.598150033144236,,L1,synthetic_negative,drug_naive,false,
S3-R0-W1,S003,R0,1,59.51956475959902,54.598150033144236,,L1,synthetic_negative,drug_naive,false,
S3-R1-W0,S003,R1,0,54.02810145355842,54.598150033144236,,L1,synthetic_negative,drug_naive,false,
S3-R1-W1,S003,R1,1,55.68307887512595,54.598150033144236,,L1,synthetic_negative,drug_naive,false,
S3-R2-W0,S003,R2,0,72.65449178610612,54.598150033144236,,L1,synthetic_negative,drug_naive,false,
S3-R2-W1,S003,R2,1,73.1066392358412,54.598150033144236,,L1,synthetic_negative,drug_naive,false,
S3-R3-W0,S003,R3,0,49.825830034886444,54.598150033144236,,L1,synthetic_negative,drug_naive,false,
S3-R3-W1,S003,R3,1,49.032174282786954,54.598150033144236,,L1,synthetic_negative,drug_naive,false,
S3-R4-W0,S003,R4,0,60.816526182742095,54.598150033144236,,L1,synthetic_negative,drug_naive,false,
S3-R4-W1,S003,R4,1,64.19454148154131,54.598150033144236,,L1,synthetic_negative,drug_naive,false,
S3-R5-W0,S003,R5,0,56.83715395156732,54.598150033144236,,L1,synthetic_negative,drug_naive,false,
S3-R5-W1,S003,R5,1,58.17997604851247,54.598150033144236,,L1,synthetic_negative,drug_naive,false,
S4-R0-W0,S004,R0,0,63.71192317581267,54.598150033144236,,L1,synthetic_negative,drug_naive,false,
S4-R0-W1,S004,R0,1,65.49879732294328,54.598150033144236,,L1,synthetic_negative,drug_naive,false,
S4-R1-W0,S004,R1,0,61.856263807519774,54.598150033144236,,L1,synthetic_negative,drug_naive,false,
S4-R1-W1,S004,R1,1,59.25698066074596,54.598150033144236,,L1,synthetic_negative,drug_naive,false,
S4-R2-W0,S004,R2,0,66.42680967717462,54.598150033144236,,L1,synthetic_negative,drug_naive,false,
S4-R2-W1,S004,R2,1,66.25961654814093,54.598150033144236,,L1,synthetic_negative,drug_naive,false,
S4-R3-W0,S004,R3,0,66.93313714600323,54.598150033144236,,L1,synthetic_negative,drug_naive,false,
S4-R3-W1,S004,R3,1,66.62289987130326,54.598150033144236,,L1,synthetic_negative,drug_naive,false,
S4-R4-W0,S004,R4,0,62.95292144841552,54.598150033144236,,L1,synthetic_negative,drug_naive,false,
S4-R4-W1,S004,R4,1,62.519968009286565,54.598150033144236,,L1,synthetic_negative,drug_naive,false,
S4-R5-W0,S004,R5,0,57.92907755248343,54.598150033144236,,L1,synthetic_negative,drug_naive,false,
S4-R5-W1,S004,R5,1,59.135556859962456,54.598150033144236,,L1,synthetic_negative,drug_naive,false,
S5-R0-W0,S005,R0,0,53.874978332614916,54.598150033144236,,L1,synthetic_negative,drug_naive,false,
S5-R0-W1,S005,R0,1,52.590146275058686,54.598150033144236,,L1,synthetic_negative,drug_naive,false,
S5-R1-W0,S005,R1,0,55.20278934126596,54.598150033144236,,L1,synthetic_negative,drug_naive,false,
S5-R1-W1,S005,R1,1,54.87207313195107,54.598150033144236,,L1,synthetic_negative,drug_naive,false,
S5-R2-W0,S005,R2,0,47.55907736040531,54.598150033144236,,L1,synthetic_negative,drug_naive,false,
S5-R2-W1,S005,R2,1,48.691663301999824,54.598150033144236,,L1,synthetic_negative,drug_naive,false,
S5-R3-W0,S005,R3,0,51.19297809209529,54.598150033144236,,L1,synthetic_negative,drug_naive,false,
S5-R3-W1,S005,R3,1,51.56941756598948,54.598150033144236,,L1,synthetic_negative,drug_naive,false,
S5-R4-W0,S005,R4,0,45.82446995663238,54.598150033144236,,L1,synthetic_negative,drug_naive,false,
S5-R4-W1,S005,R4,1,46.45174821190836,54.598150033144236,,L1,synthetic_negative,drug_naive,false,
S5-R5-W0,S005,R5,0,49.35942799636656,54.598150033144236,,L1,synthetic_negative,drug_naive,false,
S5-R5-W1,S005,R5,1,49.04070605257982,54.598150033144236,,L1,synthetic_negative,drug_naive,false,
S6-R0-W0,S006,R0,0,61.35193983565151,54.598150033144236,,L1,synthetic_negative,drug_naive,false,
S6-R0-W1,S006,R0,1,62.44788419432727,54.598150033144236,,L1,synthetic_negative,drug_naive,false,
S6-R1-W0,S006,R1,0,49.00492111284546,54.598150033144236,,L1,synthetic_negative,drug_naive,false,
S6-R1-W1,S006,R1,1,49.18683737547783,54.598150033144236,,L1,synthetic_negative,drug_naive,false,
S6-R2-W0,S006,R2,0,63.98305386699735,54.598150033144236,,L1,synthetic_negative,drug_naive,false,
S6-R2-W1,S006,R2,1,64.13776252272349,54.598150033144236,,L1,synthetic_negative,drug_naive,false,
S6-R3-W0,S006,R3,0,55.350705963949956,54.598150033144236,,L1,synthetic_negative,drug_naive,false,
S6-R3-W1,S006,R3,1,55.78067368887221,54.598150033144236,,L1,synthetic_negative,drug_naive,false,
S6-R4-W0,S006,R4,0,56.71450032175062,54.598150033144236,,L1,synthetic_negative,drug_naive,false,
S6-R4-W1,S006,R4,1,56.652751981816756,54.598150033144236,,L1,synthetic_negative,drug_naive,false,
S6-R5-W0,S006,R5,0,49.182526499978515,54.598150033144236,,L1,synthetic_negative,drug_naive,false,
S6-R5-W1,S006,R5,1,50.713769924431176,54.598150033144236,,L1,synthetic_negative,drug_naive,false,
S7-R0-W0,S007,R0,0,69.51508695315354,54.598150033144236,,L1,synthetic_negative,drug_naive,false,
S7-R0-W1,S007,R0,1,69.11553389710791,54.598150033144236,,L1,synthetic_negative,drug_naive,false,
S7-R1-W0,S007,R1,0,82.6452352692098,54.598150033144236,,L1,synthetic_negative,drug_naive,false,
S7-R1-W1,S007,R1,1,84.42108358675209,54.598150033144236,,L1,synthetic_negative,drug_naive,false,
S7-R2-W0,S007,R2,0,79.20978083952063,54.598150033144236,,L1,synthetic_negative,drug_naive,false,
S7-R2-W1,S007,R2,1,79.20563300143823,54.598150033144236,,L1,synthetic_negative,drug_naive,false,
S7-R3-W0,S007,R3,0,63.383608338723405,54.598150033144236,,L1,synthetic_negative,drug_naive,false,
S7-R3-W1,S007,R3,1,63.7025303249965,54.598150033144236,,L1,synthetic_negative,drug_naive,false,
S7-R4-W0,S007,R4,0,68.20238039111312,54.598150033144236,,L1,synthetic_negative,drug_naive,false,
S7-R4-W1,S007,R4,1,68.59435302525765,54.598150033144236,,L1,synthetic_negative,drug_naive,false,
S7-R5-W0,S007,R5,0,69.3854961618748,54.598150033144236,,L1,synthetic_negative,drug_naive,false,
S7-R5-W1,S007,R5,1,69.18718898637913,54.598150033144236,,L1,synthetic_negative,drug_naive,false,
S8-R0-W0,S008,R0,0,63.73542272185108,54.598150033144236,,L1,synthetic_negative,drug_naive,false,
S8-R0-W1,S008,R0,1,63.780638767489535,54.598150033144236,,L1,synthetic_negative,drug_naive,false,
S8-R1-W0,S008,R1,0,69.09141370869642,54.598150033144236,,L1,synthetic_negative,drug_naive,false,
S8-R1-W1,S008,R1,1,67.82092761888217,54.598150033144236,,L1,synthetic_negative,drug_naive,false,
S8-R2-W0,S008,R2,0,75.27013829005992,54.598150033144236,,L1,synthetic_negative,drug_naive,false,
S8-R2-W1,S008,R2,1,79.07274870306979,54.598150033144236,,L1,synthetic_negative,drug_naive,false,
S8-R3-W0,S008,R3,0,75.84348111227074,54.598150033144236,,L1,synthetic_negative,drug_naive,false,
S8-R3-W1,S008,R3,1,74.94806231630167,54.598150033144236,,L1,synthetic_negative,drug_naive,false,
S8-R4-W0,S008,R4,0,91.05975173427346,54.598150033144236,,L1,synthetic_negative,drug_naive,false,
S8-R4-W1,S008,R4,1,90.65367458484185,54.598150033144236,,L1,synthetic_negative,drug_naive,false,
S8-R5-W0,S008,R5,0,67.99629342108383,54.598150033144236,,L1,synthetic_negative,drug_naive,false,
S8-R5-W1,S008,R5,1,69.20195703276333,54.598150033144236,,L1,synthetic_negative,drug_naive,false,
S9-R0-W0,S009,R0,0,52.140262334024904,54.598150033144236,,L1,synthetic_negative,drug_naive,false,
S9-R0-W1,S009,R0,1,51.01332441134862,54.598150033144236,,L1,synthetic_negative,drug_naive,false,
S9-R1-W0,S009,R1,0,46.06413857853778,54.598150033144236,,L1,synthetic_negative,drug_naive,false,
S9-R1-W1,S009,R1,1,45.377752669631256,54.598150033144236,,L1,synthetic_negative,drug_naive,false,
S9-R2-W0,S009,R2,0,36.81161345199921,54.598150033144236,,L1,synthetic_negative,drug_naive,false,
S9-R2-W1,S009,R2,1,37.15270279086818,54.598150033144236,,L1,synthetic_negative,drug_naive,false,
S9-R3-W0,S009,R3,0,42.80667335526437,54.598150033144236,,L1,synthetic_negative,drug_naive,false,
S9-R3-W1,S009,R3,1,44.08959369705448,54.598150033144236,,L1,synthetic_negative,drug_naive,false,
S9-R4-W0,S009,R4,0,49.54435517932799,54.598150033144236,,L1,synthetic_negative,drug_naive,false,
S9-R4-W1,S009,R4,1,48.96680698454865,54.598150033144236,,L1,synthetic_negative,drug_naive,false,
S9-R5-W0,S009,R5,0,45.30202565839569,54.598150033144236,,L1,synthetic_negative,drug_naive,false,
S9-R5-W1,S009,R5,1,46.498657207951986,54.598150033144236,,L1,synthetic_negative,drug_naive,false,
S10-R0-W0,S010,R0,0,63.0062925452,54.598150033144236,,L1,synthetic_negative,drug_naive,false,
S10-R0-W1,S010,R0,1,59.702103509109136,54.598150033144236,,L1,synthetic_negative,drug_naive,false,
S10-R1-W0,S010,R1,0,43.29807824769439,54.598150033144236,,L1,synthetic_negative,drug_naive,false,
S10-R1-W1,S010,R1,1,44.02751288121271,54.598150033144236,,L1,synthetic_negative,drug_naive,false,
S10-R2-W0,S010,R2,0,54.45452873613548,54.598150033144236,,L1,synthetic_negative,drug_naive,false,
S10-R2-W1,S010,R2,1,53.86702582361836,54.598150033144236,,L1,synthetic_negative,drug_naive,false,
S10-R3-W0,S010,R3,0,52.64477916217523,54.598150033144236,,L1,synthetic_negative,drug_naive,false,
S10-R3-W1,S010,R3,1,50.98192318039096,54.598150033144236,,L1,synthetic_negative,drug_naive,false,
S10-R4-W0,S010,R4,0,51.78581323548382,54.598150033144236,,L1,synthetic_negative,drug_naive,false,
S10-R4-W1,S010,R4,1,50.42053543602583,54.598150033144236,,L1,synthetic_negative,drug_naive,false,
S10-R5-W0,S010,R5,0,56.85545131987004,54.598150033144236,,L1,synthetic_negative,drug_naive,false,
S10-R5-W1,S010,R5,1,55.9271763406144,54.598150033144236,,L1,synthetic_negative,drug_naive,false,
S11-R0-W0,S011,R0,0,52.89239363267432,54.598150033144236,,L1,synthetic_negative,drug_naive,false,
S11-R0-W1,S011,R0,1,53.04497819859941,54.598150033144236,,L1,synthetic_negative,drug_naive,false,
S11-R1-W0,S011,R1,0,70.16112379550513,54.598150033144236,,L1,synthetic_negative,drug_naive,false,
S11-R1-W1,S011,R1,1,69.90763163552243,54.598150033144236,,L1,synthetic_negative,drug_naive,false,
S11-R2-W0,S011,R2,0,64.28948043658306,54.598150033144236,,L1,synthetic_negative,drug_naive,false,
S11-R2-W1,S011,R2,1,63.5516839874552,54.598150033144236,,L1,synthetic_negative,drug_naive,false,
S11-R3-W0,S011,R3,0,68.09178585974118,54.598150033144236,,L1,synthetic_negative,drug_naive,false,
S11-R3-W1,S011,R3,1,66.95844601978372,54.598150033144236,,L1,synthetic_negative,drug_naive,false,
S11-R4-W0,S011,R4,0,58.01718276956977,54.598150033144236,,L1,synthetic_negative,drug_naive,false,
S11-R4-W1,S011,R4,1,59.05792863586369,54.598150033144236,,L1,synthetic_negative,drug_naive,false,
S11-R5-W0,S011,R5,0,64.23660025290505,54.598150033144236,,L1,synthetic_negative,drug_naive,false,
S11-R5-W1,S011,R5,1,64.48716961786201,54.598150033144236,,L1,synthetic_negative,drug_naive,false,
S12-R0-W0,S012,R0,0,60.466621388361474,54.598150033144236,,L1,synthetic_negative,drug_naive,false,
S12-R0-W1,S012,R0,1,58.0294651537333,54.598150033144236,,L1,synthetic_negative,drug_naive,false,
S12-R1-W0,S012,R1,0,58.847483626084646,54.598150033144236,,L1,synthetic_negative,drug_naive,false,
S12-R1-W1,S012,R1,1,58.42323550911729,54.598150033144236,,L1,synthetic_negative,drug_naive,false,
S12-R2-W0,S012,R2,0,54.08480965504664,54.598150033144236,,L1,synthetic_negative,drug_naive,false,
S12-R2-W1,S012,R2,1,54.58726233278111,54.598150033144236,,L1,synthetic_negative,drug_naive,false,
S12-R3-W0,S012,R3,0,55.83818782663991,54.598150033144236,,L1,synthetic_negative,drug_naive,false,
S12-R3-W1,S012,R3,1,57.06520690638655,54.598150033144236,,L1,synthetic_negative,drug_naive,false,
S12-R4-W0,S012,R4,0,67.46164952940474,54.598150033144236,,L1,synthetic_negative,drug_naive,false,
S12-R4-W1,S012,R4,1,68.43388402521137,54.598150033144236,,L1,synthetic_negative,drug_naive,false,
S12-R5-W0,S012,R5,0,43.214273603378025,54.598150033144236,,L1,synthetic_negative,drug_naive,false,
S12-R5-W1,S012,R5,1,42.70574202817626,54.598150033144236,,L1,synthetic_negative,drug_naive,false,
S13-R0-W0,S013,R0,0,60.785540261622025,54.598150033144236,,L1,synthetic_negative,drug_naive,false,
S13-R0-W1,S013,R0,1,61.86132119150799,54.598150033144236,,L1,synthetic_negative,drug_naive,false,
S13-R1-W0,S013,R1,0,56.30802410973393,54.598150033144236,,L1,synthetic_negative,drug_naive,false,
S13-R1-W1,S013,R1,1,56.95122495869094,54.598150033144236,,L1,synthetic_negative,drug_naive,false,
S13-R2-W0,S013,R2,0,56.54509476911196,54.598150033144236,,L1,synthetic_negative,drug_naive,false,
S13-R2-W1,S013,R2,1,55.338211914117274,54.598150033144236,,L1,synthetic_negative,drug_naive,false,
S13-R3-W0,S013,R3,0,56.11916589417394,54.598150033144236,,L1,synthetic_negative,drug_naive,false,
S13-R3-W1,S013,R3,1,56.69815407331596,54.598150033144236,,L1,synthetic_negative,drug_naive,false,
S13-R4-W0,S013,R4,0,52.58785258350405,54.598150033144236,,L1,synthetic_negative,drug_naive,false,
S13-R4-W1,S013,R4,1,52.176054156750105,54.598150033144236,,L1,synthetic_negative,drug_naive,false,
S13-R5-W0,S013,R5,0,60.84497568905501,54.598150033144236,,L1,synthetic_negative,drug_naive,false,
S13-R5-W1,S013,R5,1,62.08133299664893,54.598150033144236,,L1,synthetic_negative,drug_naive,false,
S14-R0-W0,S014,R0,0,52.90118096272309,54.598150033144236,,L1,synthetic_negative,drug_naive,false,
S14-R0-W1,S014,R0,1,53.258451890974925,54.598150033144236,,L1,synthetic_negative,drug_naive,false,
S14-R1-W0,S014,R1,0,52.294477736287924,54.598150033144236,,L1,synthetic_negative,drug_naive,false,
S14-R1-W1,S014,R1,1,55.76191674509413,54.598150033144236,,L1,synthetic_negative,drug_naive,false,
S14-R2-W0,S014,R2,0,53.11393201680004,54.598150033144236,,L1,synthetic_negative,drug_naive,false,
S14-R2-W1,S014,R2,1,56.142266973077064,54.598150033144236,,L1,synthetic_negative,drug_naive,false,
S14-R3-W0,S014,R3,0,54.70515591558305,54.598150033144236,,L1,synthetic_negative,drug_naive,false,
S14-R3-W1,S014,R3,1,53.261252343199644,54.598150033144236,,L1,synthetic_negative,drug_naive,false,
S14-R4-W0,S014,R4,0,50.319512902584876,54.598150033144236,,L1,synthetic_negative,drug_naive,false,
S14-R4-W1,S014,R4,1,49.01826524402845,54.598150033144236,,L1,synthetic_negative,drug_naive,false,
S14-R5-W0,S014,R5,0,53.09973086740557,54.598150033144236,,L1,synthetic_negative,drug_naive,false,
S14-R5-W1,S014,R5,1,53.52152757211783,54.598150033144236,,L1,synthetic_negative,drug_naive,false,
S15-R0-W0,S015,R0,0,53.05416990081397,54.598150033144236,,L1,synthetic_negative,drug_naive,false,
S15-R0-W1,S015,R0,1,52.336437991761514,54.598150033144236,,L1,synthetic_negative,drug_naive,false,
S15-R1-W0,S015,R1,0,47.38907544623298,54.598150033144236,,L1,synthetic_negative,drug_naive,false,
S15-R1-W1,S015,R1,1,48.49901109382852,54.598150033144236,,L1,synthetic_negative,drug_naive,false,
S15-R2-W0,S015,R2,0,62.535292087174554,54.598150033144236,,L1,synthetic_negative,drug_naive,false,
S15-R2-W1,S015,R2,1,61.63044648536791,54.598150033144236,,L1,synthetic_negative,drug_naive,false,
S15-R3-W0,S015,R3,0,64.88235812960498,54.598150033144236,,L1,synthetic_negative,drug_naive,false,
S15-R3-W1,S015,R3,1,66.8012658685147,54.598150033144236,,L1,synthetic_negative,drug_naive,false,
S15-R4-W0,S015,R4,0,56.24402990042347,54.598150033144236,,L1,synthetic_negative,drug_naive,false,
S15-R4-W1,S015,R4,1,56.96400525461285,54.598150033144236,,L1,synthetic_negative,drug_naive,false,
S15-R5-W0,S015,R5,0,58.211565929639235,54.598150033144236,,L1,synthetic_negative,drug_naive,false,
S15-R5-W1,S015,R5,1,57.050005193803116,54.598150033144236,,L1,synthetic_negative,drug_naive,false,
S16-R0-W0,S016,R0,0,63.22546019657669,54.598150033144236,,L1,synthetic_negative,drug_naive,false,
S16-R0-W1,S016,R0,1,62.255785014251884,54.598150033144236,,L1,synthetic_negative,drug_naive,false,
S16-R1-W0,S016,R1,0,89.14565830266949,54.598150033144236,,L1,synthetic_negative,drug_naive,false,
S16-R1-W1,S016,R1,1,88.68071722667707,54.598150033144236,,L1,synthetic_negative,drug_naive,false,
S16-R2-W0,S016,R2,0,78.60636036713349,54.598150033144236,,L1,synthetic_negative,drug_naive,false,
S16-R2-W1,S016,R2,1,77.74356725520758,54.598150033144236,,L1,synthetic_negative,drug_naive,false,
S16-R3-W0,S016,R3,0,77.61967620633261,54.598150033144236,,L1,synthetic_negative,drug_naive,false,
S16-R3-W1,S016,R3,1,78.48709773031412,54.598150033144236,,L1,synthetic_negative,drug_naive,false,
S16-R4-W0,S016,R4,0,77.24567344667163,54.598150033144236,,L1,synthetic_negative,drug_naive,false,
S16-R4-W1,S016,R4,1,78.32030657328686,54.598150033144236,,L1,synthetic_negative,drug_naive,false,
S16-R5-W0,S016,R5,0,59.388342880128405,54.598150033144236,,L1,synthetic_negative,drug_naive,false,
S16-R5-W1,S016,R5,1,61.00860677179205,54.598150033144236,,L1,synthetic_negative,drug_naive,false,
S17-R0-W0,S017,R0,0,55.46515793258711,54.598150033144236,,L1,synthetic_negative,drug_naive,false,
S17-R0-W1,S017,R0,1,57.06807680512071,54.598150033144236,,L1,synthetic_negative,drug_naive,false,
S17-R1-W0,S017,R1,0,56.51938229489398,54.598150033144236,,L1,synthetic_negative,drug_naive,false,
S17-R1-W1,S017,R1,1,54.830759078834056,54.598150033144236,,L1,synthetic_negative,drug_naive,false,
S17-R2-W0,S017,R2,0,62.2084032808628,54.598150033144236,,L1,synthetic_negative,drug_naive,false,
S17-R2-W1,S017,R2,1,61.952485421384615,54.598150033144236,,L1,synthetic_negative,drug_naive,false,
S17-R3-W0,S017,R3,0,61.28159702260085,54.598150033144236,,L1,synthetic_negative,drug_naive,false,
S17-R3-W1,S017,R3,1,61.044099186392174,54.598150033144236,,L1,synthetic_negative,drug_naive,false,
S17-R4-W0,S017,R4,0,58.07724359878125,54.598150033144236,,L1,synthetic_negative,drug_naive,false,
S17-R4-W1,S017,R4,1,60.10096593183788,54.598150033144236,,L1,synthetic_negative,drug_naive,false,
S17-R5-W0,S017,R5,0,58.527837528385206,54.598150033144236,,L1,synthetic_negative,drug_naive,false,
S17-R5-W1,S017,R5,1,59.106771309639,54.598150033144236,,L1,synthetic_negative,drug_naive,false,
S18-R0-W0,S018,R0,0,72.27054413995108,54.598150033144236,,L1,synthetic_negative,drug_naive,false,
S18-R0-W1,S018,R0,1,70.92639471044251,54.598150033144236,,L1,synthetic_negative,drug_naive,false,
S18-R1-W0,S018,R1,0,74.24721560287189,54.598150033144236,,L1,synthetic_negative,drug_naive,false,
S18-R1-W1,S018,R1,1,74.1642793174679,54.598150033144236,,L1,synthetic_negative,drug_naive,false,
S18-R2-W0,S018,R2,0,60.44026799737522,54.598150033144236,,L1,synthetic_negative,drug_naive,false,
S18-R2-W1,S018,R2,1,60.636244338543996,54.598150033144236,,L1,synthetic_negative,drug_naive,false,
S18-R3-W0,S018,R3,0,68.39330470741483,54.598150033144236,,L1,synthetic_negative,drug_naive,false,
S18-R3-W1,S018,R3,1,69.59438329763672,54.598150033144236,,L1,synthetic_negative,drug_naive,false,
S18-R4-W0,S018,R4,0,65.32230709883143,54.598150033144236,,L1,synthetic_negative,drug_naive,false,
S18-R4-W1,S018,R4,1,64.3545417224752,54.598150033144236,,L1,synthetic_negative,drug_naive,false,
S18-R5-W0,S018,R5,0,58.11156493539196,54.598150033144236,,L1,synthetic_negative,drug_naive,false,
S18-R5-W1,S018,R5,1,57.91168553958133,54.598150033144236,,L1,synthetic_negative,drug_naive,false,
S19-R0-W0,S019,R0,0,67.04194378606162,54.598150033144236,,L1,synthetic_negative,drug_naive,false,
S19-R0-W1,S019,R0,1,66.40630511997641,54.598150033144236,,L1,synthetic_negative,drug_naive,false,
S19-R1-W0,S019,R1,0,59.19857501245037,54.598150033144236,,L1,synthetic_negative,drug_naive,false,
S19-R1-W1,S019,R1,1,61.154973242916064,54.598150033144236,,L1,synthetic_negative,drug_naive,false,
S19-R2-W0,S019,R2,0,70.34292897032189,54.598150033144236,,L1,synthetic_negative,drug_naive,false,
S19-R2-W1,S019,R2,1,72.29082655506923,54.598150033144236,,L1,synthetic_negative,drug_naive,false,
S19-R3-W0,S019,R3,0,65.29257505155363,54.598150033144236,,L1,synthetic_negative,drug_naive,false,
S19-R3-W1,S019,R3,1,64.95938015597443,54.598150033144236,,L1,synthetic_negative,drug_naive,false,
S19-R4-W0,S019,R4,0,69.66495868981275,54.598150033144236,,L1,synthetic_negative,drug_naive,false,
S19-R4-W1,S019,R4,1,69.31689018714965,54.598150033144236,,L1,synthetic_negative,drug_naive,false,
S19-R5-W0,S019,R5,0,74.4736353075349,54.598150033144236,,L1,synthetic_negative,drug_naive,false,
S19-R5-W1,S019,R5,1,74.21039463606314,54.598150033144236,,L1,synthetic_negative,drug_naive,false,
S20-R0-W0,S020,R0,0,76.8728638915676,54.598150033144236,,L1,synthetic_negative,drug_naive,false,
S20-R0-W1,S020,R0,1,76.99488925762482,54.598150033144236,,L1,synthetic_negative,drug_naive,false,
S20-R1-W0,S020,R1,0,75.69539374847746,54.598150033144236,,L1,synthetic_negative,drug_naive,false,
S20-R1-W1,S020,R1,1,73.73108040351143,54.598150033144236,,L1,synthetic_negative,drug_naive,false,
S20-R2-W0,S020,R2,0,66.79843481560891,54.598150033144236,,L1,synthetic_negative,drug_naive,false,
S20-R2-W1,S020,R2,1,67.6397019659114,54.598150033144236,,L1,synthetic_negative,drug_naive,false,
S20-R3-W0,S020,R3,0,67.7573068718307,54.598150033144236,,L1,synthetic_negative,drug_naive,false,
S20-R3-W1,S020,R3,1,69.42954499227369,54.598150033144236,,L1,synthetic_negative,drug_naive,false,
S20-R4-W0,S020,R4,0,73.69784203233968,54.598150033144236,,L1,synthetic_negative,drug_naive,false,
S20-R4-W1,S020,R4,1,72.97043997579271,54.598150033144236,,L1,synthetic_negative,drug_naive,false,
S20-R5-W0,S020,R5,0,63.36171619235779,54.598150033144236,,L1,synthetic_negative,drug_naive,false,
S20-R5-W1,S020,R5,1,63.25360787800306,54.598150033144236,,L1,synthetic_negative,drug_naive,false,
S21-R0-W0,S021,R0,0,58.460649845861255,54.598150033144236,,L1,synthetic_negative,drug_naive,false,
S21-R0-W1,S021,R0,1,58.49304148922558,54.598150033144236,,L1,synthetic_negative,drug_naive,false,
S21-R1-W0,S021,R1,0,46.295805360957736,54.598150033144236,,L1,synthetic_negative,drug_naive,false,
S21-R1-W1,S021,R1,1,47.24479005955291,54.598150033144236,,L1,synthetic_negative,drug_naive,false,
S21-R2-W0,S021,R2,0,48.51849015631994,54.598150033144236,,L1,synthetic_negative,drug_naive,false,
S21-R2-W1,S021,R2,1,46.46231277784249,54.598150033144236,,L1,synthetic_negative,drug_naive,false,
S21-R3-W0,S021,R3,0,46.389766621779266,54.598150033144236,,L1,synthetic_negative,drug_naive,false,
S21-R3-W1,S021,R3,1,47.054216467497106,54.598150033144236,,L1,synthetic_negative,drug_naive,false,
S21-R4-W0,S021,R4,0,48.681991147915255,54.598150033144236,,L1,synthetic_negative,drug_naive,false,
S21-R4-W1,S021,R4,1,48.10994092472819,54.598150033144236,,L1,synthetic_negative,drug_naive,false,
S21-R5-W0,S021,R5,0,41.23992994420448,54.598150033144236,,L1,synthetic_negative,drug_naive,false,
S21-R5-W1,S021,R5,1,41.73020751902989,54.598150033144236,,L1,synthetic_negative,drug_naive,false,
S22-R0-W0,S022,R0,0,55.622278611225134,54.598150033144236,,L1,synthetic_negative,drug_naive,false,
S22-R0-W1,S022,R0,1,54.32692687303254,54.598150033144236,,L1,synthetic_negative,drug_naive,false,
S22-R1-W0,S022,R1,0,53.13523289436845,54.598150033144236,,L1,synthetic_negative,drug_naive,false,
S22-R1-W1,S022,R1,1,54.25149041229326,54.598150033144236,,L1,synthetic_negative,drug_naive,false,
S22-R2-W0,S022,R2,0,64.96397276668915,54.598150033144236,,L1,synthetic_negative,drug_naive,false,
S22-R2-W1,S022,R2,1,66.44390590597445,54.598150033144236,,L1,synthetic_negative,drug_naive,false,
S22-R3-W0,S022,R3,0,63.46863935923132,54.598150033144236,,L1,synthetic_negative,drug_naive,false,
S22-R3-W1,S022,R3,1,63.02327286847475,54.598150033144236,,L1,synthetic_negative,drug_naive,false,
S22-R4-W0,S022,R4,0,54.13412722591181,54.598150033144236,,L1,synthetic_negative,drug_naive,false,
S22-R4-W1,S022,R4,1,54.71793238942936,54.598150033144236,,L1,synthetic_negative,drug_naive,false,
S22-R5-W0,S022,R5,0,55.56254584019999,54.598150033144236,,L1,synthetic_negative,drug_naive,false,
S22-R5-W1,S022,R5,1,54.24099284898889,54.598150033144236,,L1,synthetic_negative,drug_naive,false,
S23-R0-W0,S023,R0,0,53.303744780097404,54.598150033144236,,L1,synthetic_negative,drug_naive,false,
S23-R0-W1,S023,R0,1,52.75285489498107,54.598150033144236,,L1,synthetic_negative,drug_naive,false,
S23-R1-W0,S023,R1,0,58.425920186452,54.598150033144236,,L1,synthetic_negative,drug_naive,false,
S23-R1-W1,S023,R1,1,55.54225665116065,54.598150033144236,,L1,synthetic_negative,drug_naive,false,
S23-R2-W0,S023,R2,0,57.407112957337816,54.598150033144236,,L1,synthetic_negative,drug_naive,false,
S23-R2-W1,S023,R2,1,59.56944613522958,54.598150033144236,,L1,synthetic_negative,drug_naive,false,
S23-R3-W0,S023,R3,0,54.352519985559304,54.598150033144236,,L1,synthetic_negative,drug_naive,false,
S23-R3-W1,S023,R3,1,55.17079162089261,54.598150033144236,,L1,synthetic_negative,drug_naive,false,
S23-R4-W0,S023,R4,0,53.060491456307666,54.598150033144236,,L1,synthetic_negative,drug_naive,false,
S23-R4-W1,S023,R4,1,54.92917692064202,54.598150033144236,,L1,synthetic_negative,drug_naive,false,
S23-R5-W0,S023,R5,0,55.66805714958602,54.598150033144236,,L1,synthetic_negative,drug_naive,false,
S23-R5-W1,S023,R5,1,56.12343083909143,54.598150033144236,,L1,synthetic_negative,drug_naive,false,
S24-R0-W0,S024,R0,0,60.26729202450131,54.598150033144236,,L1,synthetic_negative,drug_naive,false,
S24-R0-W1,S024,R0,1,60.72685197547503,54.598150033144236,,L1,synthetic_negative,drug_naive,false,
S24-R1-W0,S024,R1,0,76.03784166627663,54.598150033144236,,L1,synthetic_negative,drug_naive,false,
S24-R1-W1,S024,R1,1,75.24233230159292,54.598150033144236,,L1,synthetic_negative,drug_naive,false,
S24-R2-W0,S024,R2,0,65.90118914905493,54.598150033144236,,L1,synthetic_negative,drug_naive,false,
S24-R2-W1,S024,R2,1,66.15786791984154,54.598150033144236,,L1,synthetic_negative,drug_naive,false,
S24-R3-W0,S024,R3,0,59.2384263193986,54.598150033144236,,L1,synthetic_negative,drug_naive,false,
S24-R3-W1,S024,R3,1,57.17655531984047,54.598150033144236,,L1,synthetic_negative,drug_naive,false,
S24-R4-W0,S024,R4,0,66.99579380402676,54.598150033144236,,L1,synthetic_negative,drug_naive,false,
S24-R4-W1,S024,R4,1,66.07263665253413,54.598150033144236,,L1,synthetic_negative,drug_naive,false,
S24-R5-W0,S024,R5,0,60.57530998880486,54.598150033144236,,L1,synthetic_negative,drug_naive,false,
S24-R5-W1,S024,R5,1,60.83723986393862,54.598150033144236,,L1,synthetic_negative,drug_naive,false,
S25-R0-W0,S025,R0,0,39.93719877843719,54.598150033144236,,L1,synthetic_negative,drug_naive,false,
S25-R0-W1,S025,R0,1,39.4960180592978,54.598150033144236,,L1,synthetic_negative,drug_naive,false,
S25-R1-W0,S025,R1,0,48.54994633277506,54.598150033144236,,L1,synthetic_negative,drug_naive,false,
S25-R1-W1,S025,R1,1,50.0006381371456,54.598150033144236,,L1,synthetic_negative,drug_naive,false,
S25-R2-W0,S025,R2,0,49.047787889715956,54.598150033144236,,L1,synthetic_negative,drug_naive,false,
S25-R2-W1,S025,R2,1,49.26346549216749,54.598150033144236,,L1,synthetic_negative,drug_naive,false,
S25-R3-W0,S025,R3,0,52.93972094201099,54.598150033144236,,L1,synthetic_negative,drug_naive,false,
S25-R3-W1,S025,R3,1,53.54039375691464,54.598150033144236,,L1,synthetic_negative,drug_naive,false,
S25-R4-W0,S025,R4,0,52.45147129241468,54.598150033144236,,L1,synthetic_negative,drug_naive,false,
S25-R4-W1,S025,R4,1,51.6963295156647,54.598150033144236,,L1,synthetic_negative,drug_naive,false,
S25-R5-W0,S025,R5,0,46.30494132424096,54.598150033144236,,L1,synthetic_negative,drug_naive,false,
S25-R5-W1,S025,R5,1,46.434210957552835,54.598150033144236,,L1,synthetic_negative,drug_naive,false,
S26-R0-W0,S026,R0,0,41.969776234666426,54.598150033144236,,L1,synthetic_negative,drug_naive,false,
S26-R0-W1,S026,R0,1,41.243212530722516,54.598150033144236,,L1,synthetic_negative,drug_naive,false,
S26-R1-W0,S026,R1,0,48.60902520030267,54.598150033144236,,L1,synthetic_negative,drug_naive,false,
S26-R1-W1,S026,R1,1,50.975813956514706,54.598150033144236,,L1,synthetic_negative,drug_naive,false,
S26-R2-W0,S026,R2,0,40.165672153236464,54.598150033144236,,L1,synthetic_negative,drug_naive,false,
S26-R2-W1,S026,R2,1,39.99511005321021,54.598150033144236,,L1,synthetic_negative,drug_naive,false,
S26-R3-W0,S026,R3,0,53.27394737749271,54.598150033144236,,L1,synthetic_negative,drug_naive,false,
S26-R3-W1,S026,R3,1,53.08986793767973,54.598150033144236,,L1,synthetic_negative,drug_naive,false,
S26-R4-W0,S026,R4,0,42.0574896836455,54.598150033144236,,L1,synthetic_negative,drug_naive,false,
S26-R4-W1,S026,R4,1,41.94920819946941,54.598150033144236,,L1,synthetic_negative,drug_naive,false,
S26-R5-W0,S026,R5,0,38.51653991017967,54.598150033144236,,L1,synthetic_negative,drug_naive,false,
S26-R5-W1,S026,R5,1,37.843528828039126,54.598150033144236,,L1,synthetic_negative,drug_naive,false,
S27-R0-W0,S027,R0,0,50.86511737415931,54.598150033144236,,L1,synthetic_negative,drug_naive,false,
S27-R0-W1,S027,R0,1,51.91651810625603,54.598150033144236,,L1,synthetic_negative,drug_naive,false,
S27-R1-W0,S027,R1,0,51.64897294641595,54.598150033144236,,L1,synthetic_negative,drug_naive,false,
S27-R1-W1,S027,R1,1,53.00923599237883,54.598150033144236,,L1,synthetic_negative,drug_naive,false,
S27-R2-W0,S027,R2,0,56.38761860495529,54.598150033144236,,L1,synthetic_negative,drug_naive,false,
S27-R2-W1,S027,R2,1,55.48964165455382,54.598150033144236,,L1,synthetic_negative,drug_naive,false,
S27-R3-W0,S027,R3,0,54.07247279188253,54.598150033144236,,L1,synthetic_negative,drug_naive,false,
S27-R3-W1,S027,R3,1,54.64717671264453,54.598150033144236,,L1,synthetic_negative,drug_naive,false,
S27-R4-W0,S027,R4,0,57.07543953158356,54.598150033144236,,L1,synthetic_negative,drug_naive,false,
S27-R4-W1,S027,R4,1,56.35160953332461,54.598150033144236,,L1,synthetic_negative,drug_naive,false,
S27-R5-W0,S027,R5,0,60.82869362554176,54.598150033144236,,L1,synthetic_negative,drug_naive,false,
S27-R5-W1,S027,R5,1,60.357011170185,54.598150033144236,,L1,synthetic_negative,drug_naive,false,
S28-R0-W0,S028,R0,0,58.24484703335381,54.598150033144236,,L1,synthetic_negative,drug_naive,false,
S28-R0-W1,S028,R0,1,56.87976769116446,54.598150033144236,,L1,synthetic_negative,drug_naive,false,
S28-R1-W0,S028,R1,0,48.68658469042398,54.598150033144236,,L1,synthetic_negative,drug_naive,false,
S28-R1-W1,S028,R1,1,50.956935534492345,54.598150033144236,,L1,synthetic_negative,drug_naive,false,
S28-R2-W0,S028,R2,0,60.798237397995806,54.598150033144236,,L1,synthetic_negative,drug_naive,false,
S28-R2-W1,S028,R2,1,59.36315089899548,54.598150033144236,,L1,synthetic_negative,drug_naive,false,
S28-R3-W0,S028,R3,0,59.77265236048575,54.598150033144236,,L1,synthetic_negative,drug_naive,false,
S28-R3-W1,S028,R3,1,60.1112443048209,54.598150033144236,,L1,synthetic_negative,drug_naive,false,
S28-R4-W0,S028,R4,0,51.7426138579528,54.598150033144236,,L1,synthetic_negative,drug_naive,false,
S28-R4-W1,S028,R4,1,50.64865694234666,54.598150033144236,,L1,synthetic_negative,drug_naive,false,
S28-R5-W0,S028,R5,0,59.0395158772265,54.598150033144236,,L1,synthetic_negative,drug_naive,false,
S28-R5-W1,S028,R5,1,60.17381169609912,54.598150033144236,,L1,synthetic_negative,drug_naive,false,
S29-R0-W0,S029,R0,0,71.43964015695096,54.598150033144236,,L1,synthetic_negative,drug_naive,false,
S29-R0-W1,S029,R0,1,68.42066408540121,54.598150033144236,,L1,synthetic_negative,drug_naive,false,
S29-R1-W0,S029,R1,0,59.28168337088233,54.598150033144236,,L1,synthetic_negative,drug_naive,false,
S29-R1-W1,S029,R1,1,57.90889013128948,54.598150033144236,,L1,synthetic_negative,drug_naive,false,
S29-R2-W0,S029,R2,0,64.02994251757553,54.598150033144236,,L1,synthetic_negative,drug_naive,false,
S29-R2-W1,S029,R2,1,65.2535402981898,54.598150033144236,,L1,synthetic_negative,drug_naive,false,
S29-R3-W0,S029,R3,0,68.24078450340116,54.598150033144236,,L1,synthetic_negative,drug_naive,false,
S29-R3-W1,S029,R3,1,66.97561112269231,54.598150033144236,,L1,synthetic_negative,drug_naive,false,
S29-R4-W0,S029,R4,0,64.64853987246225,54.598150033144236,,L1,synthetic_negative,drug_naive,false,
S29-R4-W1,S029,R4,1,64.1989777895113,54.598150033144236,,L1,synthetic_negative,drug_naive,false,
S29-R5-W0,S029,R5,0,58.44624279990184,54.598150033144236,,L1,synthetic_negative,drug_naive,false,
S29-R5-W1,S029,R5,1,58.9183469079091,54.598150033144236,,L1,synthetic_negative,drug_naive,false,
S30-R0-W0,S030,R0,0,69.53485858102664,54.598150033144236,,L1,synthetic_negative,drug_naive,false,
S30-R0-W1,S030,R0,1,68.84381003492979,54.598150033144236,,L1,synthetic_negative,drug_naive,false,
S30-R1-W0,S030,R1,0,64.90289303431611,54.598150033144236,,L1,synthetic_negative,drug_naive,false,
S30-R1-W1,S030,R1,1,63.92226684287657,54.598150033144236,,L1,synthetic_negative,drug_naive,false,
S30-R2-W0,S030,R2,0,74.39672723955557,54.598150033144236,,L1,synthetic_negative,drug_naive,false,
S30-R2-W1,S030,R2,1,74.28273161599009,54.598150033144236,,L1,synthetic_negative,drug_naive,false,
S30-R3-W0,S030,R3,0,63.16848739100298,54.598150033144236,,L1,synthetic_negative,drug_naive,false,
S30-R3-W1,S030,R3,1,64.00033498976227,54.598150033144236,,L1,synthetic_negative,drug_naive,false,
S30-R4-W0,S030,R4,0,61.86001761693141,54.598150033144236,,L1,synthetic_negative,drug_naive,false,
S30-R4-W1,S030,R4,1,61.559324529953095,54.598150033144236,,L1,synthetic_negative,drug_naive,false,
S30-R5-W0,S030,R5,0,80.54407950645552,54.598150033144236,,L1,synthetic_negative,drug_naive,false,
S30-R5-W1,S030,R5,1,76.57341454519663,54.598150033144236,,L1,synthetic_negative,drug_naive,false,
S31-R0-W0,S031,R0,0,64.74619164144168,54.598150033144236,,L1,synthetic_negative,drug_naive,false,
S31-R0-W1,S031,R0,1,66.69912905053695,54.598150033144236,,L1,synthetic_negative,drug_naive,false,
S31-R1-W0,S031,R1,0,62.36795431568979,54.598150033144236,,L1,synthetic_negative,drug_naive,false,
S31-R1-W1,S031,R1,1,62.86850765703283,54.598150033144236,,L1,synthetic_negative,drug_naive,false,
S31-R2-W0,S031,R2,0,56.22876285210556,54.598150033144236,,L1,synthetic_negative,drug_naive,false,
S31-R2-W1,S031,R2,1,57.719762818894246,54.598150033144236,,L1,synthetic_negative,drug_naive,false,
S31-R3-W0,S031,R3,0,53.5218146250855,54.598150033144236,,L1,synthetic_negative,drug_naive,false,
S31-R3-W1,S031,R3,1,54.55919628778887,54.598150033144236,,L1,synthetic_negative,drug_naive,false,
S31-R4-W0,S031,R4,0,63.22473593214102,54.598150033144236,,L1,synthetic_negative,drug_naive,false,
S31-R4-W1,S031,R4,1,61.99971019073915,54.598150033144236,,L1,synthetic_negative,drug_naive,false,
S31-R5-W0,S031,R5,0,58.79955777986671,54.598150033144236,,L1,synthetic_negative,drug_naive,false,
S31-R5-W1,S031,R5,1,59.214117573684916,54.598150033144236,,L1,synthetic_negative,drug_naive,false,
S32-R0-W0,S032,R0,0,78.72658284701673,54.598150033144236,,L1,synthetic_negative,drug_naive,false,
S32-R0-W1,S032,R0,1,79.3499393632238,54.598150033144236,,L1,synthetic_negative,drug_naive,false,
S32-R1-W0,S032,R1,0,74.09533241044325,54.598150033144236,,L1,synthetic_negative,drug_naive,false,
S32-R1-W1,S032,R1,1,77.59350303031887,54.598150033144236,,L1,synthetic_negative,drug_naive,false,
S32-R2-W0,S032,R2,0,85.68779202735823,54.598150033144236,,L1,synthetic_negative,drug_naive,false,
S32-R2-W1,S032,R2,1,85.72221777995503,54.598150033144236,,L1,synthetic_negative,drug_naive,false,
S32-R3-W0,S032,R3,0,81.6891196845682,54.598150033144236,,L1,synthetic_negative,drug_naive,false,
S32-R3-W1,S032,R3,1,81.17201067238268,54.598150033144236,,L1,synthetic_negative,drug_naive,false,
S32-R4-W0,S032,R4,0,94.063655353453,54.598150033144236,,L1,synthetic_negative,drug_naive,false,
S32-R4-W1,S032,R4,1,91.49500474069457,54.598150033144236,,L1,synthetic_negative,drug_naive,false,
S32-R5-W0,S032,R5,0,95.13998134615875,54.598150033144236,,L1,synthetic_negative,drug_naive,false,
S32-R5-W1,S032,R5,1,94.94613121179366,54.598150033144236,,L1,synthetic_negative,drug_naive,false,
S33-R0-W0,S033,R0,0,55.06935114519298,54.598150033144236,,L1,synthetic_negative,drug_naive,false,
S33-R0-W1,S033,R0,1,55.41270779798015,54.598150033144236,,L1,synthetic_negative,drug_naive,false,
S33-R1-W0,S033,R1,0,57.00535131025015,54.598150033144236,,L1,synthetic_negative,drug_naive,false,
S33-R1-W1,S033,R1,1,57.85434160649772,54.598150033144236,,L1,synthetic_negative,drug_naive,false,
S33-R2-W0,S033,R2,0,45.73878892015113,54.598150033144236,,L1,synthetic_negative,drug_naive,false,
S33-R2-W1,S033,R2,1,46.491402246680316,54.598150033144236,,L1,synthetic_negative,drug_naive,false,
S33-R3-W0,S033,R3,0,57.10799799798254,54.598150033144236,,L1,synthetic_negative,drug_naive,false,
S33-R3-W1,S033,R3,1,56.65303825223869,54.598150033144236,,L1,synthetic_negative,drug_naive,false,
S33-R4-W0,S033,R4,0,59.052843819728956,54.598150033144236,,L1,synthetic_negative,drug_naive,false,
S33-R4-W1,S033,R4,1,60.024068218923624,54.598150033144236,,L1,synthetic_negative,drug_naive,false,
S33-R5-W0,S033,R5,0,67.83231952661926,54.598150033144236,,L1,synthetic_negative,drug_naive,false,
S33-R5-W1,S033,R5,1,67.3738566895738,54.598150033144236,,L1,synthetic_negative,drug_naive,false,
S34-R0-W0,S034,R0,0,77.4904136430003,54.598150033144236,,L1,synthetic_negative,drug_naive,false,
S34-R0-W1,S034,R0,1,77.5743749353952,54.598150033144236,,L1,synthetic_negative,drug_naive,false,
S34-R1-W0,S034,R1,0,81.27314983426164,54.598150033144236,,L1,synthetic_negative,drug_naive,false,
S34-R1-W1,S034,R1,1,84.67856282752874,54.598150033144236,,L1,synthetic_negative,drug_naive,false,
S34-R2-W0,S034,R2,0,72.06249060088984,54.598150033144236,,L1,synthetic_negative,drug_naive,false,
S34-R2-W1,S034,R2,1,70.37119081667007,54.598150033144236,,L1,synthetic_negative,drug_naive,false,
S34-R3-W0,S034,R3,0,83.33643377027217,54.598150033144236,,L1,synthetic_negative,drug_naive,false,
S34-R3-W1,S034,R3,1,82.32574821599702,54.598150033144236,,L1,synthetic_negative,drug_naive,false,
S34-R4-W0,S034,R4,0,82.23105964184474,54.598150033144236,,L1,synthetic_negative,drug_naive,false,
S34-R4-W1,S034,R4,1,82.23794926439659,54.598150033144236,,L1,synthetic_negative,drug_naive,false,
S34-R5-W0,S034,R5,0,55.364407910084005,54.598150033144236,,L1,synthetic_negative,drug_naive,false,
S34-R5-W1,S034,R5,1,56.63711175032296,54.598150033144236,,L1,synthetic_negative,drug_naive,false,
S35-R0-W0,S035,R0,0,41.106575867476145,54.598150033144236,,L1,synthetic_negative,drug_naive,false,
S35-R0-W1,S035,R0,1,40.881300474079474,54.598150033144236,,L1,synthetic_negative,drug_naive,false,
S35-R1-W0,S035,R1,0,41.728963227037916,54.598150033144236,,L1,synthetic_negative,drug_naive,false,
S35-R1-W1,S035,R1,1,42.523363251968505,54.598150033144236,,L1,synthetic_negative,drug_naive,false,
S35-R2-W0,S035,R2,0,45.65165366610041,54.598150033144236,,L1,synthetic_negative,drug_naive,false,
S35-R2-W1,S035,R2,1,46.944286800116295,54.598150033144236,,L1,synthetic_negative,drug_naive,false,
S35-R3-W0,S035,R3,0,41.490133704640776,54.598150033144236,,L1,synthetic_negative,drug_naive,false,
S35-R3-W1,S035,R3,1,42.11987014866687,54.598150033144236,,L1,synthetic_negative,drug_naive,false,
S35-R4-W0,S035,R4,0,39.167969474251215,54.598150033144236,,L1,synthetic_negative,drug_naive,false,
S35-R4-W1,S035,R4,1,38.61606291645409,54.598150033144236,,L1,synthetic_negative,drug_naive,false,
S35-R5-W0,S035,R5,0,48.58397914303488,54.598150033144236,,L1,synthetic_negative,drug_naive,false,
S35-R5-W1,S035,R5,1,49.51986940668135,54.598150033144236,,L1,synthetic_negative,drug_naive,false,
S36-R0-W0,S036,R0,0,57.32860221566122,54.598150033144236,,L1,synthetic_negative,drug_naive,false,
S36-R0-W1,S036,R0,1,56.94238401814816,54.598150033144236,,L1,synthetic_negative,drug_naive,false,
S36-R1-W0,S036,R1,0,63.62047992119308,54.598150033144236,,L1,synthetic_negative,drug_naive,false,
S36-R1-W1,S036,R1,1,61.69459092211552,54.598150033144236,,L1,synthetic_negative,drug_naive,false,
S36-R2-W0,S036,R2,0,54.83540386303155,54.598150033144236,,L1,synthetic_negative,drug_naive,false,
S36-R2-W1,S036,R2,1,54.959098885389864,54.598150033144236,,L1,synthetic_negative,drug_naive,false,
S36-R3-W0,S036,R3,0,60.21226537212513,54.598150033144236,,L1,synthetic_negative,drug_naive,false,
S36-R3-W1,S036,R3,1,59.176806590752605,54.598150033144236,,L1,synthetic_negative,drug_naive,false,
S36-R4-W0,S036,R4,0,67.05773223650765,54.598150033144236,,L1,synthetic_negative,drug_naive,false,
S36-R4-W1,S036,R4,1,69.13165709484483,54.598150033144236,,L1,synthetic_negative,drug_naive,false,
S36-R5-W0,S036,R5,0,56.32080873217059,54.598150033144236,,L1,synthetic_negative,drug_naive,false,
S36-R5-W1,S036,R5,1,57.40967796149667,54.598150033144236,,L1,synthetic_negative,drug_naive,false,
S37-R0-W0,S037,R0,0,50.64968576198304,54.598150033144236,,L1,synthetic_negative,drug_naive,false,
S37-R0-W1,S037,R0,1,50.03808826709628,54.598150033144236,,L1,synthetic_negative,drug_naive,false,
S37-R1-W0,S037,R1,0,45.735586780596684,54.598150033144236,,L1,synthetic_negative,drug_naive,false,
S37-R1-W1,S037,R1,1,46.57458852862058,54.598150033144236,,L1,synthetic_negative,drug_naive,false,
S37-R2-W0,S037,R2,0,50.2987062013334,54.598150033144236,,L1,synthetic_negative,drug_naive,false,
S37-R2-W1,S037,R2,1,49.141241856844225,54.598150033144236,,L1,synthetic_negative,drug_naive,false,
S37-R3-W0,S037,R3,0,43.72338190350284,54.598150033144236,,L1,synthetic_negative,drug_naive,false,
S37-R3-W1,S037,R3,1,44.181323541665996,54.598150033144236,,L1,synthetic_negative,drug_naive,false,
S37-R4-W0,S037,R4,0,47.06765367772723,54.598150033144236,,L1,synthetic_negative,drug_naive,false,
S37-R4-W1,S037,R4,1,45.549415553846586,54.598150033144236,,L1,synthetic_negative,drug_naive,false,
S37-R5-W0,S037,R5,0,45.1685608615607,54.598150033144236,,L1,synthetic_negative,drug_naive,false,
S37-R5-W1,S037,R5,1,44.98135691493374,54.598150033144236,,L1,synthetic_negative,drug_naive,false,
S38-R0-W0,S038,R0,0,64.80272670753583,54.598150033144236,,L1,synthetic_negative,drug_naive,false,
S38-R0-W1,S038,R0,1,63.89077692456759,54.598150033144236,,L1,synthetic_negative,drug_naive,false,
S38-R1-W0,S038,R1,0,68.38738496460725,54.598150033144236,,L1,synthetic_negative,drug_naive,false,
S38-R1-W1,S038,R1,1,68.47660982768629,54.598150033144236,,L1,synthetic_negative,drug_naive,false,
S38-R2-W0,S038,R2,0,69.67610837513098,54.598150033144236,,L1,synthetic_negative,drug_naive,false,
S38-R2-W1,S038,R2,1,69.19181257310215,54.598150033144236,,L1,synthetic_negative,drug_naive,false,
S38-R3-W0,S038,R3,0,69.71836168515878,54.598150033144236,,L1,synthetic_negative,drug_naive,false,
S38-R3-W1,S038,R3,1,67.74452098848941,54.598150033144236,,L1,synthetic_negative,drug_naive,false,
S38-R4-W0,S038,R4,0,62.940004857048464,54.598150033144236,,L1,synthetic_negative,drug_naive,false,
S38-R4-W1,S038,R4,1,63.24794588967331,54.598150033144236,,L1,synthetic_negative,drug_naive,false,
S38-R5-W0,S038,R5,0,59.42529137996461,54.598150033144236,,L1,synthetic_negative,drug_naive,false,
S38-R5-W1,S038,R5,1,60.19062434631937,54.598150033144236,,L1,synthetic_negative,drug_naive,false,
S39-R0-W0,S039,R0,0,49.56774370085776,54.598150033144236,,L1,synthetic_negative,drug_naive,false,
S39-R0-W1,S039,R0,1,49.42872567773121,54.598150033144236,,L1,synthetic_negative,drug_naive,false,
S39-R1-W0,S039,R1,0,40.14705387660453,54.598150033144236,,L1,synthetic_negative,drug_naive,false,
S39-R1-W1,S039,R1,1,40.42330834374947,54.598150033144236,,L1,synthetic_negative,drug_naive,false,
S39-R2-W0,S039,R2,0,49.18042727338951,54.598150033144236,,L1,synthetic_negative,drug_naive,false,
S39-R2-W1,S039,R2,1,50.518042810187495,54.598150033144236,,L1,synthetic_negative,drug_naive,false,
S39-R3-W0,S039,R3,0,48.152609029857885,54.598150033144236,,L1,synthetic_negative,drug_naive,false,
S39-R3-W1,S039,R3,1,47.87982756387804,54.598150033144236,,L1,synthetic_negative,drug_naive,false,
S39-R4-W0,S039,R4,0,48.24709860482028,54.598150033144236,,L1,synthetic_negative,drug_naive,false,
S39-R4-W1,S039,R4,1,47.477282986315736,54.598150033144236,,L1,synthetic_negative,drug_naive,false,
S39-R5-W0,S039,R5,0,43.281223336295355,54.598150033144236,,L1,synthetic_negative,drug_naive,false,
S39-R5-W1,S039,R5,1,42.54497116888297,54.598150033144236,,L1,synthetic_negative,drug_naive,false,
S40-R0-W0,S040,R0,0,60.62093640454312,54.598150033144236,,L1,synthetic_negative,drug_naive,false,
S40-R0-W1,S040,R0,1,61.82671535525429,54.598150033144236,,L1,synthetic_negative,drug_naive,false,
S40-R1-W0,S040,R1,0,57.88261377147269,54.598150033144236,,L1,synthetic_negative,drug_naive,false,
S40-R1-W1,S040,R1,1,59.52000723354374,54.598150033144236,,L1,synthetic_negative,drug_naive,false,
S40-R2-W0,S040,R2,0,69.08078194318807,54.598150033144236,,L1,synthetic_negative,drug_naive,false,
S40-R2-W1,S040,R2,1,68.50715773118799,54.598150033144236,,L1,synthetic_negative,drug_naive,false,
S40-R3-W0,S040,R3,0,63.68557218027885,54.598150033144236,,L1,synthetic_negative,drug_naive,false,
S40-R3-W1,S040,R3,1,65.81448653376694,54.598150033144236,,L1,synthetic_negative,drug_naive,false,
S40-R4-W0,S040,R4,0,55.37803897077608,54.598150033144236,,L1,synthetic_negative,drug_naive,false,
S40-R4-W1,S040,R4,1,56.184597379306204,54.598150033144236,,L1,synthetic_negative,drug_naive,false,
S40-R5-W0,S040,R5,0,61.05665276590324,54.598150033144236,,L1,synthetic_negative,drug_naive,false,
S40-R5-W1,S040,R5,1,62.65725704696501,54.598150033144236,,L1,synthetic_negative,drug_naive,false,
S41-R0-W0,S041,R0,0,69.59912386588704,54.598150033144236,,L1,synthetic_negative,drug_naive,false,
S41-R0-W1,S041,R0,1,68.70376936143228,54.598150033144236,,L1,synthetic_negative,drug_naive,false,
S41-R1-W0,S041,R1,0,77.33136567461558,54.598150033144236,,L1,synthetic_negative,drug_naive,false,
S41-R1-W1,S041,R1,1,77.94667247628269,54.598150033144236,,L1,synthetic_negative,drug_naive,false,
S41-R2-W0,S041,R2,0,70.82455079691361,54.598150033144236,,L1,synthetic_negative,drug_naive,false,
S41-R2-W1,S041,R2,1,71.0117908511737,54.598150033144236,,L1,synthetic_negative,drug_naive,false,
S41-R3-W0,S041,R3,0,66.8231813826693,54.598150033144236,,L1,synthetic_negative,drug_naive,false,
S41-R3-W1,S041,R3,1,66.51925802559695,54.598150033144236,,L1,synthetic_negative,drug_naive,false,
S41-R4-W0,S041,R4,0,75.36277480922321,54.598150033144236,,L1,synthetic_negative,drug_naive,false,
S41-R4-W1,S041,R4,1,73.56277057495261,54.598150033144236,,L1,synthetic_negative,drug_naive,false,
S41-R5-W0,S041,R5,0,64.1366062205409,54.598150033144236,,L1,synthetic_negative,drug_naive,false,
S41-R5-W1,S041,R5,1,65.57758902535929,54.598150033144236,,L1,synthetic_negative,drug_naive,false,
S42-R0-W0,S042,R0,0,64.74223586116356,54.598150033144236,,L1,synthetic_negative,drug_naive,false,
S42-R0-W1,S042,R0,1,64.22166165623464,54.598150033144236,,L1,synthetic_negative,drug_naive,false,
S42-R1-W0,S042,R1,0,71.372103376657,54.598150033144236,,L1,synthetic_negative,drug_naive,false,
S42-R1-W1,S042,R1,1,70.72468834019499,54.598150033144236,,L1,synthetic_negative,drug_naive,false,
S42-R2-W0,S042,R2,0,85.48061555309228,54.598150033144236,,L1,synthetic_negative,drug_naive,false,
S42-R2-W1,S042,R2,1,88.98333413611051,54.598150033144236,,L1,synthetic_negative,drug_naive,false,
S42-R3-W0,S042,R3,0,82.78853207993215,54.598150033144236,,L1,synthetic_negative,drug_naive,false,
S42-R3-W1,S042,R3,1,83.75602607710108,54.598150033144236,,L1,synthetic_negative,drug_naive,false,
S42-R4-W0,S042,R4,0,70.27568502733388,54.598150033144236,,L1,synthetic_negative,drug_naive,false,
S42-R4-W1,S042,R4,1,68.19864476113811,54.598150033144236,,L1,synthetic_negative,drug_naive,false,
S42-R5-W0,S042,R5,0,74.62649059427436,54.598150033144236,,L1,synthetic_negative,drug_naive,false,
S42-R5-W1,S042,R5,1,76.10212236788111,54.598150033144236,,L1,synthetic_negative,drug_naive,false,
S43-R0-W0,S043,R0,0,58.88877619193019,54.598150033144236,,L1,synthetic_negative,drug_naive,false,
S43-R0-W1,S043,R0,1,58.56399332832471,54.598150033144236,,L1,synthetic_negative,drug_naive,false,
S43-R1-W0,S043,R1,0,57.27404029188806,54.598150033144236,,L1,synthetic_negative,drug_naive,false,
S43-R1-W1,S043,R1,1,58.36215205142369,54.598150033144236,,L1,synthetic_negative,drug_naive,false,
S43-R2-W0,S043,R2,0,53.85484163950313,54.598150033144236,,L1,synthetic_negative,drug_naive,false,
S43-R2-W1,S043,R2,1,53.43465045669329,54.598150033144236,,L1,synthetic_negative,drug_naive,false,
S43-R3-W0,S043,R3,0,66.1908636548411,54.598150033144236,,L1,synthetic_negative,drug_naive,false,
S43-R3-W1,S043,R3,1,66.35286387960059,54.598150033144236,,L1,synthetic_negative,drug_naive,false,
S43-R4-W0,S043,R4,0,61.75023220706766,54.598150033144236,,L1,synthetic_negative,drug_naive,false,
S43-R4-W1,S043,R4,1,60.37013368078558,54.598150033144236,,L1,synthetic_negative,drug_naive,false,
S43-R5-W0,S043,R5,0,59.531690455936946,54.598150033144236,,L1,synthetic_negative,drug_naive,false,
S43-R5-W1,S043,R5,1,59.24079200544504,54.598150033144236,,L1,synthetic_negative,drug_naive,false,
S44-R0-W0,S044,R0,0,74.7252589438634,54.598150033144236,,L1,synthetic_negative,drug_naive,false,
S44-R0-W1,S044,R0,1,73.52789501795772,54.598150033144236,,L1,synthetic_negative,drug_naive,false,
S44-R1-W0,S044,R1,0,79.914301524581,54.598150033144236,,L1,synthetic_negative,drug_naive,false,
S44-R1-W1,S044,R1,1,77.52181508372614,54.598150033144236,,L1,synthetic_negative,drug_naive,false,
S44-R2-W0,S044,R2,0,74.03833918437844,54.598150033144236,,L1,synthetic_negative,drug_naive,false,
S44-R2-W1,S044,R2,1,70.98546482587398,54.598150033144236,,L1,synthetic_negative,drug_naive,false,
S44-R3-W0,S044,R3,0,66.36408620688044,54.598150033144236,,L1,synthetic_negative,drug_naive,false,
S44-R3-W1,S044,R3,1,66.81349105016056,54.598150033144236,,L1,synthetic_negative,drug_naive,false,
S44-R4-W0,S044,R4,0,68.56597027015353,54.598150033144236,,L1,synthetic_negative,drug_naive,false,
S44-R4-W1,S044,R4,1,68.20679973639726,54.598150033144236,,L1,synthetic_negative,drug_naive,false,
S44-R5-W0,S044,R5,0,66.94421993094164,54.598150033144236,,L1,synthetic_negative,drug_naive,false,
S44-R5-W1,S044,R5,1,68.04285712107372,54.598150033144236,,L1,synthetic_negative,drug_naive,false,
S45-R0-W0,S045,R0,0,57.37894766000303,54.598150033144236,,L1,synthetic_negative,drug_naive,false,
S45-R0-W1,S045,R0,1,59.91222116264006,54.598150033144236,,L1,synthetic_negative,drug_naive,false,
S45-R1-W0,S045,R1,0,46.57250222238008,54.598150033144236,,L1,synthetic_negative,drug_naive,false,
S45-R1-W1,S045,R1,1,48.58798804214051,54.598150033144236,,L1,synthetic_negative,drug_naive,false,
S45-R2-W0,S045,R2,0,56.7488885832855,54.598150033144236,,L1,synthetic_negative,drug_naive,false,
S45-R2-W1,S045,R2,1,53.82252829596902,54.598150033144236,,L1,synthetic_negative,drug_naive,false,
S45-R3-W0,S045,R3,0,51.52382492735802,54.598150033144236,,L1,synthetic_negative,drug_naive,false,
S45-R3-W1,S045,R3,1,51.72059072435628,54.598150033144236,,L1,synthetic_negative,drug_naive,false,
S45-R4-W0,S045,R4,0,44.384730702915505,54.598150033144236,,L1,synthetic_negative,drug_naive,false,
S45-R4-W1,S045,R4,1,44.36114746826417,54.598150033144236,,L1,synthetic_negative,drug_naive,false,
S45-R5-W0,S045,R5,0,68.33865529250978,54.598150033144236,,L1,synthetic_negative,drug_naive,false,
S45-R5-W1,S045,R5,1,67.36020851076175,54.598150033144236,,L1,synthetic_negative,drug_naive,false,
S46-R0-W0,S046,R0,0,52.79272186280004,54.598150033144236,,L1,synthetic_negative,drug_naive,false,
S46-R0-W1,S046,R0,1,54.3373641065519,54.598150033144236,,L1,synthetic_negative,drug_naive,false,
S46-R1-W0,S046,R1,0,48.057890053499875,54.598150033144236,,L1,synthetic_negative,drug_naive,false,
S46-R1-W1,S046,R1,1,48.539431241068776,54.598150033144236,,L1,synthetic_negative,drug_naive,false,
S46-R2-W0,S046,R2,0,56.33421654906089,54.598150033144236,,L1,synthetic_negative,drug_naive,false,
S46-R2-W1,S046,R2,1,58.24865236433267,54.598150033144236,,L1,synthetic_negative,drug_naive,false,
S46-R3-W0,S046,R3,0,52.77890979039592,54.598150033144236,,L1,synthetic_negative,drug_naive,false,
S46-R3-W1,S046,R3,1,52.32729700624213,54.598150033144236,,L1,synthetic_negative,drug_naive,false,
S46-R4-W0,S046,R4,0,56.203478669634634,54.598150033144236,,L1,synthetic_negative,drug_naive,false,
S46-R4-W1,S046,R4,1,54.93388741136116,54.598150033144236,,L1,synthetic_negative,drug_naive,false,
S46-R5-W0,S046,R5,0,51.03913342500157,54.598150033144236,,L1,synthetic_negative,drug_naive,false,
S46-R5-W1,S046,R5,1,52.970873302868945,54.598150033144236,,L1,synthetic_negative,drug_naive,false,
S47-R0-W0,S047,R0,0,46.720567509431916,54.598150033144236,,L1,synthetic_negative,drug_naive,false,
S47-R0-W1,S047,R0,1,47.12222974221335,54.598150033144236,,L1,synthetic_negative,drug_naive,false,
S47-R1-W0,S047,R1,0,50.562216061196736,54.598150033144236,,L1,synthetic_negative,drug_naive,false,
S47-R1-W1,S047,R1,1,50.081515151310235,54.598150033144236,,L1,synthetic_negative,drug_naive,false,
S47-R2-W0,S047,R2,0,44.52104765735788,54.598150033144236,,L1,synthetic_negative,drug_naive,false,
S47-R2-W1,S047,R2,1,44.33751623754428,54.598150033144236,,L1,synthetic_negative,drug_naive,false,
S47-R3-W0,S047,R3,0,46.13671511926283,54.598150033144236,,L1,synthetic_negative,drug_naive,false,
S47-R3-W1,S047,R3,1,45.068020554265324,54.598150033144236,,L1,synthetic_negative,drug_naive,false,
S47-R4-W0,S047,R4,0,48.41285188892543,54.598150033144236,,L1,synthetic_negative,drug_naive,false,
S47-R4-W1,S047,R4,1,48.791259690576695,54.598150033144236,,L1,synthetic_negative,drug_naive,false,
S47-R5-W0,S047,R5,0,43.98846803140272,54.598150033144236,,L1,synthetic_negative,drug_naive,false,
S47-R5-W1,S047,R5,1,43.289229989364514,54.598150033144236,,L1,synthetic_negative,drug_naive,false,
S48-R0-W0,S048,R0,0,69.48819300028347,54.598150033144236,,L1,synthetic_negative,drug_naive,false,
S48-R0-W1,S048,R0,1,71.24154216373356,54.598150033144236,,L1,synthetic_negative,drug_naive,false,
S48-R1-W0,S048,R1,0,61.35562444632193,54.598150033144236,,L1,synthetic_negative,drug_naive,false,
S48-R1-W1,S048,R1,1,60.63861085833308,54.598150033144236,,L1,synthetic_negative,drug_naive,false,
S48-R2-W0,S048,R2,0,88.5318525062853,54.598150033144236,,L1,synthetic_negative,drug_naive,false,
S48-R2-W1,S048,R2,1,91.68199013251815,54.598150033144236,,L1,synthetic_negative,drug_naive,false,
S48-R3-W0,S048,R3,0,85.09186860871237,54.598150033144236,,L1,synthetic_negative,drug_naive,false,
S48-R3-W1,S048,R3,1,82.4444745085266,54.598150033144236,,L1,synthetic_negative,drug_naive,false,
S48-R4-W0,S048,R4,0,65.66754586342618,54.598150033144236,,L1,synthetic_negative,drug_naive,false,
S48-R4-W1,S048,R4,1,64.79730261460716,54.598150033144236,,L1,synthetic_negative,drug_naive,false,
S48-R5-W0,S048,R5,0,72.03291891393263,54.598150033144236,,L1,synthetic_negative,drug_naive,false,
S48-R5-W1,S048,R5,1,72.69916545357182,54.598150033144236,,L1,synthetic_negative,drug_naive,false,
S49-R0-W0,S049,R0,0,62.22400042634543,54.598150033144236,,L1,synthetic_negative,drug_naive,false,
S49-R0-W1,S049,R0,1,63.17541876176711,54.598150033144236,,L1,synthetic_negative,drug_naive,false,
S49-R1-W0,S049,R1,0,81.27077068033977,54.598150033144236,,L1,synthetic_negative,drug_naive,false,
S49-R1-W1,S049,R1,1,79.37738045448152,54.598150033144236,,L1,synthetic_negative,drug_naive,false,
S49-R2-W0,S049,R2,0,64.73901488545768,54.598150033144236,,L1,synthetic_negative,drug_naive,false,
S49-R2-W1,S049,R2,1,64.90601696277038,54.598150033144236,,L1,synthetic_negative,drug_naive,false,
S49-R3-W0,S049,R3,0,65.02683361870227,54.598150033144236,,L1,synthetic_negative,drug_naive,false,
S49-R3-W1,S049,R3,1,66.90911534799758,54.598150033144236,,L1,synthetic_negative,drug_naive,false,
S49-R4-W0,S049,R4,0,60.433197100088364,54.598150033144236,,L1,synthetic_negative,drug_naive,false,
S49-R4-W1,S049,R4,1,61.33498409852369,54.598150033144236,,L1,synthetic_negative,drug_naive,false,
S49-R5-W0,S049,R5,0,60.120338746769924,54.598150033144236,,L1,synthetic_negative,drug_naive,false,
S49-R5-W1,S049,R5,1,59.6578394145141,54.598150033144236,,L1,synthetic_negative,drug_naive,false,
S50-R0-W0,S050,R0,0,62.68112668886272,54.598150033144236,,L1,synthetic_negative,drug_naive,false,
S50-R0-W1,S050,R0,1,60.301148533495514,54.598150033144236,,L1,synthetic_negative,drug_naive,false,
S50-R1-W0,S050,R1,0,70.94920391751698,54.598150033144236,,L1,synthetic_negative,drug_naive,false,
S50-R1-W1,S050,R1,1,71.12270325351268,54.598150033144236,,L1,synthetic_negative,drug_naive,false,
S50-R2-W0,S050,R2,0,68.9127686719833,54.598150033144236,,L1,synthetic_negative,drug_naive,false,
S50-R2-W1,S050,R2,1,70.07214561732468,54.598150033144236,,L1,synthetic_negative,drug_naive,false,
S50-R3-W0,S050,R3,0,66.72379594825087,54.598150033144236,,L1,synthetic_negative,drug_naive,false,
S50-R3-W1,S050,R3,1,67.62614539010359,54.598150033144236,,L1,synthetic_negative,drug_naive,false,
S50-R4-W0,S050,R4,0,59.755962707528155,54.598150033144236,,L1,synthetic_negative,drug_naive,false,
S50-R4-W1,S050,R4,1,57.30462501731376,54.598150033144236,,L1,synthetic_negative,drug_naive,false,
S50-R5-W0,S050,R5,0,54.28482343099227,54.598150033144236,,L1,synthetic_negative,drug_naive,false,
S50-R5-W1,S050,R5,1,52.62216426597204,54.598150033144236,,L1,synthetic_negative,drug_naive,false,
S51-R0-W0,S051,R0,0,39.82001321142485,54.598150033144236,,L1,synthetic_negative,drug_naive,false,
S51-R0-W1,S051,R0,1,39.550933227308875,54.598150033144236,,L1,synthetic_negative,drug_naive,false,
S51-R1-W0,S051,R1,0,41.286170294039536,54.598150033144236,,L1,synthetic_negative,drug_naive,false,
S51-R1-W1,S051,R1,1,42.06970538320626,54.598150033144236,,L1,synthetic_negative,drug_naive,false,
S51-R2-W0,S051,R2,0,37.81380621378012,54.598150033144236,,L1,synthetic_negative,drug_naive,false,
S51-R2-W1,S051,R2,1,37.924764243673934,54.598150033144236,,L1,synthetic_negative,drug_naive,false,
S51-R3-W0,S051,R3,0,42.93561756487625,54.598150033144236,,L1,synthetic_negative,drug_naive,false,
S51-R3-W1,S051,R3,1,42.98342636964895,54.598150033144236,,L1,synthetic_negative,drug_naive,false,
S51-R4-W0,S051,R4,0,41.042230060247256,54.598150033144236,,L1,synthetic_negative,drug_naive,false,
S51-R4-W1,S051,R4,1,40.83194860959085,54.598150033144236,,L1,synthetic_negative,drug_naive,false,
S51-R5-W0,S051,R5,0,33.8657346885454,54.598150033144236,,L1,synthetic_negative,drug_naive,false,
S51-R5-W1,S051,R5,1,32.48581145146904,54.598150033144236,,L1,synthetic_negative,drug_naive,false,
S52-R0-W0,S052,R0,0,41.956859931753954,54.598150033144236,,L1,synthetic_negative,drug_naive,false,
S52-R0-W1,S052,R0,1,41.62768120431462,54.598150033144236,,L1,synthetic_negative,drug_naive,false,
S52-R1-W0,S052,R1,0,50.35627752767105,54.598150033144236,,L1,synthetic_negative,drug_naive,false,
S52-R1-W1,S052,R1,1,49.862126702310434,54.598150033144236,,L1,synthetic_negative,drug_naive,false,
S52-R2-W0,S052,R2,0,40.552544461266635,54.598150033144236,,L1,synthetic_negative,drug_naive,false,
S52-R2-W1,S052,R2,1,40.20025109222813,54.598150033144236,,L1,synthetic_negative,drug_naive,false,
S52-R3-W0,S052,R3,0,44.50381772997286,54.598150033144236,,L1,synthetic_negative,drug_naive,false,
S52-R3-W1,S052,R3,1,44.98751738096865,54.598150033144236,,L1,synthetic_negative,drug_naive,false,
S52-R4-W0,S052,R4,0,51.386133557047515,54.598150033144236,,L1,synthetic_negative,drug_naive,false,
S52-R4-W1,S052,R4,1,50.041415529031,54.598150033144236,,L1,synthetic_negative,drug_naive,false,
S52-R5-W0,S052,R5,0,49.27722875870974,54.598150033144236,,L1,synthetic_negative,drug_naive,false,
S52-R5-W1,S052,R5,1,50.756944231592264,54.598150033144236,,L1,synthetic_negative,drug_naive,false,
S53-R0-W0,S053,R0,0,60.94151550912525,54.598150033144236,,L1,synthetic_negative,drug_naive,false,
S53-R0-W1,S053,R0,1,58.82857551321552,54.598150033144236,,L1,synthetic_negative,drug_naive,false,
S53-R1-W0,S053,R1,0,62.65012677784252,54.598150033144236,,L1,synthetic_negative,drug_naive,false,
S53-R1-W1,S053,R1,1,62.22764824024008,54.598150033144236,,L1,synthetic_negative,drug_naive,false,
S53-R2-W0,S053,R2,0,67.34173551600774,54.598150033144236,,L1,synthetic_negative,drug_naive,false,
S53-R2-W1,S053,R2,1,68.90768962190339,54.598150033144236,,L1,synthetic_negative,drug_naive,false,
S53-R3-W0,S053,R3,0,55.8442178568578,54.598150033144236,,L1,synthetic_negative,drug_naive,false,
S53-R3-W1,S053,R3,1,57.175887087004035,54.598150033144236,,L1,synthetic_negative,drug_naive,false,
S53-R4-W0,S053,R4,0,54.99701225187394,54.598150033144236,,L1,synthetic_negative,drug_naive,false,
S53-R4-W1,S053,R4,1,57.265016942451446,54.598150033144236,,L1,synthetic_negative,drug_naive,false,
S53-R5-W0,S053,R5,0,60.35760250792838,54.598150033144236,,L1,synthetic_negative,drug_naive,false,
S53-R5-W1,S053,R5,1,62.26348581811061,54.598150033144236,,L1,synthetic_negative,drug_naive,false,
S54-R0-W0,S054,R0,0,67.38429994541927,54.598150033144236,,L1,synthetic_negative,drug_naive,false,
S54-R0-W1,S054,R0,1,68.60518147765747,54.598150033144236,,L1,synthetic_negative,drug_naive,false,
S54-R1-W0,S054,R1,0,72.25854030258566,54.598150033144236,,L1,synthetic_negative,drug_naive,false,
S54-R1-W1,S054,R1,1,72.48377280637413,54.598150033144236,,L1,synthetic_negative,drug_naive,false,
S54-R2-W0,S054,R2,0,66.25174682996314,54.598150033144236,,L1,synthetic_negative,drug_naive,false,
S54-R2-W1,S054,R2,1,68.67613867520161,54.598150033144236,,L1,synthetic_negative,drug_naive,false,
S54-R3-W0,S054,R3,0,63.355802814224816,54.598150033144236,,L1,synthetic_negative,drug_naive,false,
S54-R3-W1,S054,R3,1,64.27268111899255,54.598150033144236,,L1,synthetic_negative,drug_naive,false,
S54-R4-W0,S054,R4,0,62.54234662267543,54.598150033144236,,L1,synthetic_negative,drug_naive,false,
S54-R4-W1,S054,R4,1,63.7474279946727,54.598150033144236,,L1,synthetic_negative,drug_naive,false,
S54-R5-W0,S054,R5,0,64.59322192094352,54.598150033144236,,L1,synthetic_negative,drug_naive,false,
S54-R5-W1,S054,R5,1,63.77799123324724,54.598150033144236,,L1,synthetic_negative,drug_naive,false,
S55-R0-W0,S055,R0,0,58.42148940857705,54.598150033144236,,L1,synthetic_negative,drug_naive,false,
S55-R0-W1,S055,R0,1,57.59369571618228,54.598150033144236,,L1,synthetic_negative,drug_naive,false,
S55-R1-W0,S055,R1,0,62.84133306737951,54.598150033144236,,L1,synthetic_negative,drug_naive,false,
S55-R1-W1,S055,R1,1,58.67264134405329,54.598150033144236,,L1,synthetic_negative,drug_naive,false,
S55-R2-W0,S055,R2,0,51.28652918339551,54.598150033144236,,L1,synthetic_negative,drug_naive,false,
S55-R2-W1,S055,R2,1,50.809209595738636,54.598150033144236,,L1,synthetic_negative,drug_naive,false,
S55-R3-W0,S055,R3,0,53.83039775343918,54.598150033144236,,L1,synthetic_negative,drug_naive,false,
S55-R3-W1,S055,R3,1,54.30148374584046,54.598150033144236,,L1,synthetic_negative,drug_naive,false,
S55-R4-W0,S055,R4,0,55.6811002450454,54.598150033144236,,L1,synthetic_negative,drug_naive,false,
S55-R4-W1,S055,R4,1,54.96127904105462,54.598150033144236,,L1,synthetic_negative,drug_naive,false,
S55-R5-W0,S055,R5,0,51.250306594995166,54.598150033144236,,L1,synthetic_negative,drug_naive,false,
S55-R5-W1,S055,R5,1,52.51854442182989,54.598150033144236,,L1,synthetic_negative,drug_naive,false,
S56-R0-W0,S056,R0,0,41.41588266904087,54.598150033144236,,L1,synthetic_negative,drug_naive,false,
S56-R0-W1,S056,R0,1,41.78372208624066,54.598150033144236,,L1,synthetic_negative,drug_naive,false,
S56-R1-W0,S056,R1,0,44.836863985464085,54.598150033144236,,L1,synthetic_negative,drug_naive,false,
S56-R1-W1,S056,R1,1,43.267045214913324,54.598150033144236,,L1,synthetic_negative,drug_naive,false,
S56-R2-W0,S056,R2,0,51.38720919582354,54.598150033144236,,L1,synthetic_negative,drug_naive,false,
S56-R2-W1,S056,R2,1,51.96418718494528,54.598150033144236,,L1,synthetic_negative,drug_naive,false,
S56-R3-W0,S056,R3,0,42.255991277377646,54.598150033144236,,L1,synthetic_negative,drug_naive,false,
S56-R3-W1,S056,R3,1,42.316173889859314,54.598150033144236,,L1,synthetic_negative,drug_naive,false,
S56-R4-W0,S056,R4,0,43.10213735448845,54.598150033144236,,L1,synthetic_negative,drug_naive,false,
S56-R4-W1,S056,R4,1,42.51677199380261,54.598150033144236,,L1,synthetic_negative,drug_naive,false,
S56-R5-W0,S056,R5,0,47.360130548502234,54.598150033144236,,L1,synthetic_negative,drug_naive,false,
S56-R5-W1,S056,R5,1,47.1880214953355,54.598150033144236,,L1,synthetic_negative,drug_naive,false,
S57-R0-W0,S057,R0,0,44.02315315938047,54.598150033144236,,L1,synthetic_negative,drug_naive,false,
S57-R0-W1,S057,R0,1,44.43829962788401,54.598150033144236,,L1,synthetic_negative,drug_naive,false,
S57-R1-W0,S057,R1,0,41.213370415202014,54.598150033144236,,L1,synthetic_negative,drug_naive,false,
S57-R1-W1,S057,R1,1,42.007398486835704,54.598150033144236,,L1,synthetic_negative,drug_naive,false,
S57-R2-W0,S057,R2,0,52.23237320966994,54.598150033144236,,L1,synthetic_negative,drug_naive,false,
S57-R2-W1,S057,R2,1,50.50607160848381,54.598150033144236,,L1,synthetic_negative,drug_naive,false,
S57-R3-W0,S057,R3,0,37.42914662810209,54.598150033144236,,L1,synthetic_negative,drug_naive,false,
S57-R3-W1,S057,R3,1,37.642796778727316,54.598150033144236,,L1,synthetic_negative,drug_naive,false,
S57-R4-W0,S057,R4,0,45.433183256222314,54.598150033144236,,L1,synthetic_negative,drug_naive,false,
S57-R4-W1,S057,R4,1,47.34820175807864,54.598150033144236,,L1,synthetic_negative,drug_naive,false,
S57-R5-W0,S057,R5,0,40.74624951849076,54.598150033144236,,L1,synthetic_negative,drug_naive,false,
S57-R5-W1,S057,R5,1,39.9258674897615,54.598150033144236,,L1,synthetic_negative,drug_naive,false,
S58-R0-W0,S058,R0,0,47.48995933493152,54.598150033144236,,L1,synthetic_negative,drug_naive,false,
S58-R0-W1,S058,R0,1,47.56910283423817,54.598150033144236,,L1,synthetic_negative,drug_naive,false,
S58-R1-W0,S058,R1,0,43.416948981778404,54.598150033144236,,L1,synthetic_negative,drug_naive,false,
S58-R1-W1,S058,R1,1,43.77961800751586,54.598150033144236,,L1,synthetic_negative,drug_naive,false,
S58-R2-W0,S058,R2,0,51.33300976319192,54.598150033144236,,L1,synthetic_negative,drug_naive,false,
S58-R2-W1,S058,R2,1,51.688955613873816,54.598150033144236,,L1,synthetic_negative,drug_naive,false,
S58-R3-W0,S058,R3,0,58.84976694356303,54.598150033144236,,L1,synthetic_negative,drug_naive,false,
S58-R3-W1,S058,R3,1,59.760640709511485,54.598150033144236,,L1,synthetic_negative,drug_naive,false,
S58-R4-W0,S058,R4,0,57.865045990950236,54.598150033144236,,L1,synthetic_negative,drug_naive,false,
S58-R4-W1,S058,R4,1,58.78051771781143,54.598150033144236,,L1,synthetic_negative,drug_naive,false,
S58-R5-W0,S058,R5,0,52.31302263581351,54.598150033144236,,L1,synthetic_negative,drug_naive,false,
S58-R5-W1,S058,R5,1,52.0331178003069,54.598150033144236,,L1,synthetic_negative,drug_naive,false,
S59-R0-W0,S059,R0,0,49.13995595686771,54.598150033144236,,L1,synthetic_negative,drug_naive,false,
S59-R0-W1,S059,R0,1,49.61090847325036,54.598150033144236,,L1,synthetic_negative,drug_naive,false,
S59-R1-W0,S059,R1,0,57.899386445701495,54.598150033144236,,L1,synthetic_negative,drug_naive,false,
S59-R1-W1,S059,R1,1,58.21474255500026,54.598150033144236,,L1,synthetic_negative,drug_naive,false,
S59-R2-W0,S059,R2,0,59.74457683987461,54.598150033144236,,L1,synthetic_negative,drug_naive,false,
S59-R2-W1,S059,R2,1,59.559611005238374,54.598150033144236,,L1,synthetic_negative,drug_naive,false,
S59-R3-W0,S059,R3,0,57.09732976475837,54.598150033144236,,L1,synthetic_negative,drug_naive,false,
S59-R3-W1,S059,R3,1,58.10959092161017,54.598150033144236,,L1,synthetic_negative,drug_naive,false,
S59-R4-W0,S059,R4,0,51.39564028188128,54.598150033144236,,L1,synthetic_negative,drug_naive,false,
S59-R4-W1,S059,R4,1,51.410012635098646,54.598150033144236,,L1,synthetic_negative,drug_naive,false,
S59-R5-W0,S059,R5,0,57.89589519217749,54.598150033144236,,L1,synthetic_negative,drug_naive,false,
S59-R5-W1,S059,R5,1,59.66437440395684,54.598150033144236,,L1,synthetic_negative,drug_naive,false,
S60-R0-W0,S060,R0,0,58.31952448720114,54.598150033144236,,L1,synthetic_negative,drug_naive,false,
S60-R0-W1,S060,R0,1,60.200434416287315,54.598150033144236,,L1,synthetic_negative,drug_naive,false,
S60-R1-W0,S060,R1,0,67.96265694514611,54.598150033144236,,L1,synthetic_negative,drug_naive,false,
S60-R1-W1,S060,R1,1,68.6106668093566,54.598150033144236,,L1,synthetic_negative,drug_naive,false,
S60-R2-W0,S060,R2,0,77.1901936049435,54.598150033144236,,L1,synthetic_negative,drug_naive,false,
S60-R2-W1,S060,R2,1,76.13944734608305,54.598150033144236,,L1,synthetic_negative,drug_naive,false,
S60-R3-W0,S060,R3,0,67.19517127042508,54.598150033144236,,L1,synthetic_negative,drug_naive,false,
S60-R3-W1,S060,R3,1,66.08757416241781,54.598150033144236,,L1,synthetic_negative,drug_naive,false,
S60-R4-W0,S060,R4,0,57.52084986295631,54.598150033144236,,L1,synthetic_negative,drug_naive,false,
S60-R4-W1,S060,R4,1,55.941585402797955,54.598150033144236,,L1,synthetic_negative,drug_naive,false,
S60-R5-W0,S060,R5,0,60.08166080790846,54.598150033144236,,L1,synthetic_negative,drug_naive,false,
S60-R5-W1,S060,R5,1,59.404155221246754,54.598150033144236,,L1,synthetic_negative,drug_naive,false,
S61-R0-W0,S061,R0,0,63.39700781688588,54.598150033144236,,L1,synthetic_negative,drug_naive,false,
S61-R0-W1,S061,R0,1,62.81022993890304,54.598150033144236,,L1,synthetic_negative,drug_naive,false,
S61-R1-W0,S061,R1,0,58.38181041041012,54.598150033144236,,L1,synthetic_negative,drug_naive,false,
S61-R1-W1,S061,R1,1,57.22511444605436,54.598150033144236,,L1,synthetic_negative,drug_naive,false,
S61-R2-W0,S061,R2,0,69.88447599238671,54.598150033144236,,L1,synthetic_negative,drug_naive,false,
S61-R2-W1,S061,R2,1,68.28461081915707,54.598150033144236,,L1,synthetic_negative,drug_naive,false,
S61-R3-W0,S061,R3,0,61.26725458353233,54.598150033144236,,L1,synthetic_negative,drug_naive,false,
S61-R3-W1,S061,R3,1,60.31304198666326,54.598150033144236,,L1,synthetic_negative,drug_naive,false,
S61-R4-W0,S061,R4,0,67.32897493933493,54.598150033144236,,L1,synthetic_negative,drug_naive,false,
S61-R4-W1,S061,R4,1,66.80236160250337,54.598150033144236,,L1,synthetic_negative,drug_naive,false,
S61-R5-W0,S061,R5,0,72.38507634136789,54.598150033144236,,L1,synthetic_negative,drug_naive,false,
S61-R5-W1,S061,R5,1,72.60857578277009,54.598150033144236,,L1,synthetic_negative,drug_naive,false,
S62-R0-W0,S062,R0,0,65.76372302979556,54.598150033144236,,L1,synthetic_negative,drug_naive,false,
S62-R0-W1,S062,R0,1,64.9263675170506,54.598150033144236,,L1,synthetic_negative,drug_naive,false,
S62-R1-W0,S062,R1,0,59.649517178407166,54.598150033144236,,L1,synthetic_negative,drug_naive,false,
S62-R1-W1,S062,R1,1,59.49270729273604,54.598150033144236,,L1,synthetic_negative,drug_naive,false,
S62-R2-W0,S062,R2,0,59.734373644184416,54.598150033144236,,L1,synthetic_negative,drug_naive,false,
S62-R2-W1,S062,R2,1,59.99327567604319,54.598150033144236,,L1,synthetic_negative,drug_naive,false,
S62-R3-W0,S062,R3,0,63.23982339931842,54.598150033144236,,L1,synthetic_negative,drug_naive,false,
S62-R3-W1,S062,R3,1,64.78954979874092,54.598150033144236,,L1,synthetic_negative,drug_naive,false,
S62-R4-W0,S062,R4,0,56.45011827325202,54.598150033144236,,L1,synthetic_negative,drug_naive,false,
S62-R4-W1,S062,R4,1,55.3255370051835,54.598150033144236,,L1,synthetic_negative,drug_naive,false,
S62-R5-W0,S062,R5,0,62.34289609234727,54.598150033144236,,L1,synthetic_negative,drug_naive,false,
S62-R5-W1,S062,R5,1,62.53282580111419,54.598150033144236,,L1,synthetic_negative,drug_naive,false,
S63-R0-W0,S063,R0,0,64.82519459326483,54.598150033144236,,L1,synthetic_negative,drug_naive,false,
S63-R0-W1,S063,R0,1,64.636109264623,54.598150033144236,,L1,synthetic_negative,drug_naive,false,
S63-R1-W0,S063,R1,0,57.09748228345897,54.598150033144236,,L1,synthetic_negative,drug_naive,false,
S63-R1-W1,S063,R1,1,58.113874331557795,54.598150033144236,,L1,synthetic_negative,drug_naive,false,
S63-R2-W0,S063,R2,0,58.49737433828524,54.598150033144236,,L1,synthetic_negative,drug_naive,false,
S63-R2-W1,S063,R2,1,59.0916975560008,54.598150033144236,,L1,synthetic_negative,drug_naive,false,
S63-R3-W0,S063,R3,0,61.08783920336705,54.598150033144236,,L1,synthetic_negative,drug_naive,false,
S63-R3-W1,S063,R3,1,60.91936792550154,54.598150033144236,,L1,synthetic_negative,drug_naive,false,
S63-R4-W0,S063,R4,0,52.3504092740028,54.598150033144236,,L1,synthetic_negative,drug_naive,false,
S63-R4-W1,S063,R4,1,51.17042009681121,54.598150033144236,,L1,synthetic_negative,drug_naive,false,
S63-R5-W0,S063,R5,0,56.30660108475647,54.598150033144236,,L1,synthetic_negative,drug_naive,false,
S63-R5-W1,S063,R5,1,56.525437701715205,54.598150033144236,,L1,synthetic_negative,drug_naive,false,
S64-R0-W0,S064,R0,0,52.14462799110698,54.598150033144236,,L1,synthetic_negative,drug_naive,false,
S64-R0-W1,S064,R0,1,51.74042094925447,54.598150033144236,,L1,synthetic_negative,drug_naive,false,
S64-R1-W0,S064,R1,0,54.950549143884224,54.598150033144236,,L1,synthetic_negative,drug_naive,false,
S64-R1-W1,S064,R1,1,56.03686994814307,54.598150033144236,,L1,synthetic_negative,drug_naive,false,
S64-R2-W0,S064,R2,0,63.650647568757975,54.598150033144236,,L1,synthetic_negative,drug_naive,false,
S64-R2-W1,S064,R2,1,63.53004978371791,54.598150033144236,,L1,synthetic_negative,drug_naive,false,
S64-R3-W0,S064,R3,0,63.191031372252645,54.598150033144236,,L1,synthetic_negative,drug_naive,false,
S64-R3-W1,S064,R3,1,61.93442738727691,54.598150033144236,,L1,synthetic_negative,drug_naive,false,
S64-R4-W0,S064,R4,0,60.82478673600768,54.598150033144236,,L1,synthetic_negative,drug_naive,false,
S64-R4-W1,S064,R4,1,61.250453712724756,54.598150033144236,,L1,synthetic_negative,drug_naive,false,
S64-R5-W0,S064,R5,0,56.29543870955431,54.598150033144236,,L1,synthetic_negative,drug_naive,false,
S64-R5-W1,S064,R5,1,55.37926032467096,54.598150033144236,,L1,synthetic_negative,drug_naive,false,
S65-R0-W0,S065,R0,0,58.59358503318431,54.598150033144236,,L1,synthetic_negative,drug_naive,false,
S65-R0-W1,S065,R0,1,57.41771384957129,54.598150033144236,,L1,synthetic_negative,drug_naive,false,
S65-R1-W0,S065,R1,0,54.05175513852151,54.598150033144236,,L1,synthetic_negative,drug_naive,false,
S65-R1-W1,S065,R1,1,53.556076560359685,54.598150033144236,,L1,synthetic_negative,drug_naive,false,
S65-R2-W0,S065,R2,0,62.72507427482622,54.598150033144236,,L1,synthetic_negative,drug_naive,false,
S65-R2-W1,S065,R2,1,62.25207213125109,54.598150033144236,,L1,synthetic_negative,drug_naive,false,
S65-R3-W0,S065,R3,0,60.694313358621834,54.598150033144236,,L1,synthetic_negative,drug_naive,false,
S65-R3-W1,S065,R3,1,59.516829317295326,54.598150033144236,,L1,synthetic_negative,drug_naive,false,
S65-R4-W0,S065,R4,0,59.0743368928636,54.598150033144236,,L1,synthetic_negative,drug_naive,false,
S65-R4-W1,S065,R4,1,58.460286763756926,54.598150033144236,,L1,synthetic_negative,drug_naive,false,
S65-R5-W0,S065,R5,0,51.00508572344688,54.598150033144236,,L1,synthetic_negative,drug_naive,false,
S65-R5-W1,S065,R5,1,52.017496121452766,54.598150033144236,,L1,synthetic_negative,drug_naive,false,
S66-R0-W0,S066,R0,0,45.22182092826244,54.598150033144236,,L1,synthetic_negative,drug_naive,false,
S66-R0-W1,S066,R0,1,44.63849738824877,54.598150033144236,,L1,synthetic_negative,drug_naive,false,
S66-R1-W0,S066,R1,0,51.59971437017168,54.598150033144236,,L1,synthetic_negative,drug_naive,false,
S66-R1-W1,S066,R1,1,50.15418392987954,54.598150033144236,,L1,synthetic_negative,drug_naive,false,
S66-R2-W0,S066,R2,0,53.4667220269715,54.598150033144236,,L1,synthetic_negative,drug_naive,false,
S66-R2-W1,S066,R2,1,53.847461202904235,54.598150033144236,,L1,synthetic_negative,drug_naive,false,
S66-R3-W0,S066,R3,0,57.179236586446486,54.598150033144236,,L1,synthetic_negative,drug_naive,false,
S66-R3-W1,S066,R3,1,59.90212283089154,54.598150033144236,,L1,synthetic_negative,drug_naive,false,
S66-R4-W0,S066,R4,0,49.59926602447354,54.598150033144236,,L1,synthetic_negative,drug_naive,false,
S66-R4-W1,S066,R4,1,49.27361507360066,54.598150033144236,,L1,synthetic_negative,drug_naive,false,
S66-R5-W0,S066,R5,0,53.54836661831312,54.598150033144236,,L1,synthetic_negative,drug_naive,false,
S66-R5-W1,S066,R5,1,53.92866889247084,54.598150033144236,,L1,synthetic_negative,drug_naive,false,
S67-R0-W0,S067,R0,0,61.21309526894057,54.598150033144236,,L1,synthetic_negative,drug_naive,false,
S67-R0-W1,S067,R0,1,63.11010604805644,54.598150033144236,,L1,synthetic_negative,drug_naive,false,
S67-R1-W0,S067,R1,0,48.93921539043254,54.598150033144236,,L1,synthetic_negative,drug_naive,false,
S67-R1-W1,S067,R1,1,49.53866867597599,54.598150033144236,,L1,synthetic_negative,drug_naive,false,
S67-R2-W0,S067,R2,0,64.32577339584908,54.598150033144236,,L1,synthetic_negative,drug_naive,false,
S67-R2-W1,S067,R2,1,62.08672274061801,54.598150033144236,,L1,synthetic_negative,drug_naive,false,
S67-R3-W0,S067,R3,0,69.56355119222258,54.598150033144236,,L1,synthetic_negative,drug_naive,false,
S67-R3-W1,S067,R3,1,69.33881574670787,54.598150033144236,,L1,synthetic_negative,drug_naive,false,
S67-R4-W0,S067,R4,0,54.77882794067815,54.598150033144236,,L1,synthetic_negative,drug_naive,false,
S67-R4-W1,S067,R4,1,55.622690885609686,54.598150033144236,,L1,synthetic_negative,drug_naive,false,
S67-R5-W0,S067,R5,0,53.6771166978322,54.598150033144236,,L1,synthetic_negative,drug_naive,false,
S67-R5-W1,S067,R5,1,52.51439496366561,54.598150033144236,,L1,synthetic_negative,drug_naive,false,
S68-R0-W0,S068,R0,0,63.61868160868178,54.598150033144236,,L1,synthetic_negative,drug_naive,false,
S68-R0-W1,S068,R0,1,62.2579274568242,54.598150033144236,,L1,synthetic_negative,drug_naive,false,
S68-R1-W0,S068,R1,0,54.84137748749811,54.598150033144236,,L1,synthetic_negative,drug_naive,false,
S68-R1-W1,S068,R1,1,53.777865591203145,54.598150033144236,,L1,synthetic_negative,drug_naive,false,
S68-R2-W0,S068,R2,0,52.94284193130507,54.598150033144236,,L1,synthetic_negative,drug_naive,false,
S68-R2-W1,S068,R2,1,53.49084415631624,54.598150033144236,,L1,synthetic_negative,drug_naive,false,
S68-R3-W0,S068,R3,0,71.7438725326638,54.598150033144236,,L1,synthetic_negative,drug_naive,false,
S68-R3-W1,S068,R3,1,72.43614300917275,54.598150033144236,,L1,synthetic_negative,drug_naive,false,
S68-R4-W0,S068,R4,0,71.46327904064516,54.598150033144236,,L1,synthetic_negative,drug_naive,false,
S68-R4-W1,S068,R4,1,70.17809656552494,54.598150033144236,,L1,synthetic_negative,drug_naive,false,
S68-R5-W0,S068,R5,0,61.69084283767267,54.598150033144236,,L1,synthetic_negative,drug_naive,false,
S68-R5-W1,S068,R5,1,59.38950945371366,54.598150033144236,,L1,synthetic_negative,drug_naive,false,
S69-R0-W0,S069,R0,0,52.49895422807526,54.598150033144236,,L1,synthetic_negative,drug_naive,false,
S69-R0-W1,S069,R0,1,52.54628198596181,54.598150033144236,,L1,synthetic_negative,drug_naive,false,
S69-R1-W0,S069,R1,0,50.98789159998257,54.598150033144236,,L1,synthetic_negative,drug_naive,false,
S69-R1-W1,S069,R1,1,52.339065679640015,54.598150033144236,,L1,synthetic_negative,drug_naive,false,
S69-R2-W0,S069,R2,0,53.19827021156913,54.598150033144236,,L1,synthetic_negative,drug_naive,false,
S69-R2-W1,S069,R2,1,53.109668910825,54.598150033144236,,L1,synthetic_negative,drug_naive,false,
S69-R3-W0,S069,R3,0,57.30339012337156,54.598150033144236,,L1,synthetic_negative,drug_naive,false,
S69-R3-W1,S069,R3,1,55.06017984925807,54.598150033144236,,L1,synthetic_negative,drug_naive,false,
S69-R4-W0,S069,R4,0,53.3126126065075,54.598150033144236,,L1,synthetic_negative,drug_naive,false,
S69-R4-W1,S069,R4,1,52.78698507012772,54.598150033144236,,L1,synthetic_negative,drug_naive,false,
S69-R5-W0,S069,R5,0,39.03027467412654,54.598150033144236,,L1,synthetic_negative,drug_naive,false,
S69-R5-W1,S069,R5,1,41.15030282182338,54.598150033144236,,L1,synthetic_negative,drug_naive,false,
S70-R0-W0,S070,R0,0,53.561086724504435,54.598150033144236,,L1,synthetic_negative,drug_naive,false,
S70-R0-W1,S070,R0,1,53.89342800147956,54.598150033144236,,L1,synthetic_negative,drug_naive,false,
S70-R1-W0,S070,R1,0,43.47264709110587,54.598150033144236,,L1,synthetic_negative,drug_naive,false,
S70-R1-W1,S070,R1,1,44.103762411574785,54.598150033144236,,L1,synthetic_negative,drug_naive,false,
S70-R2-W0,S070,R2,0,55.245078400107424,54.598150033144236,,L1,synthetic_negative,drug_naive,false,
S70-R2-W1,S070,R2,1,55.801227211294034,54.598150033144236,,L1,synthetic_negative,drug_naive,false,
S70-R3-W0,S070,R3,0,48.12612426103886,54.598150033144236,,L1,synthetic_negative,drug_naive,false,
S70-R3-W1,S070,R3,1,48.95831675324742,54.598150033144236,,L1,synthetic_negative,drug_naive,false,
S70-R4-W0,S070,R4,0,50.27200997382848,54.598150033144236,,L1,synthetic_negative,drug_naive,false,
S70-R4-W1,S070,R4,1,49.40590650495224,54.598150033144236,,L1,synthetic_negative,drug_naive,false,
S70-R5-W0,S070,R5,0,44.942268692436265,54.598150033144236,,L1,synthetic_negative,drug_naive,false,
S70-R5-W1,S070,R5,1,44.74090445780237,54.598150033144236,,L1,synthetic_negative,drug_naive,false,
S71-R0-W0,S071,R0,0,65.28310792938561,54.598150033144236,,L1,synthetic_negative,drug_naive,false,
S71-R0-W1,S071,R0,1,65.63738225535101,54.598150033144236,,L1,synthetic_negative,drug_naive,false,
S71-R1-W0,S071,R1,0,69.96446332694686,54.598150033144236,,L1,synthetic_negative,drug_naive,false,
S71-R1-W1,S071,R1,1,70.65324721366486,54.598150033144236,,L1,synthetic_negative,drug_naive,false,
S71-R2-W0,S071,R2,0,54.79579962194081,54.598150033144236,,L1,synthetic_negative,drug_naive,false,
S71-R2-W1,S071,R2,1,55.57575956390705,54.598150033144236,,L1,synthetic_negative,drug_naive,false,
S71-R3-W0,S071,R3,0,74.76818183160202,54.598150033144236,,L1,synthetic_negative,drug_naive,false,
S71-R3-W1,S071,R3,1,77.71693436041762,54.598150033144236,,L1,synthetic_negative,drug_naive,false,
S71-R4-W0,S071,R4,0,56.61737422478037,54.598150033144236,,L1,synthetic_negative,drug_naive,false,
S71-R4-W1,S071,R4,1,58.846523799743345,54.598150033144236,,L1,synthetic_negative,drug_naive,false,
S71-R5-W0,S071,R5,0,74.80807377912367,54.598150033144236,,L1,synthetic_negative,drug_naive,false,
S71-R5-W1,S071,R5,1,72.92942218158176,54.598150033144236,,L1,synthetic_negative,drug_naive,false,
S72-R0-W0,S072,R0,0,52.14249761370159,54.598150033144236,,L1,synthetic_negative,drug_naive,false,
S72-R0-W1,S072,R0,1,54.31869988693808,54.598150033144236,,L1,synthetic_negative,drug_naive,false,
S72-R1-W0,S072,R1,0,48.66105108775144,54.598150033144236,,L1,synthetic_negative,drug_naive,false,
S72-R1-W1,S072,R1,1,48.06630051061601,54.598150033144236,,L1,synthetic_negative,drug_naive,false,
S72-R2-W0,S072,R2,0,43.4779333206297,54.598150033144236,,L1,synthetic_negative,drug_naive,false,
S72-R2-W1,S072,R2,1,42.51328905844462,54.598150033144236,,L1,synthetic_negative,drug_naive,false,
S72-R3-W0,S072,R3,0,37.39769116224597,54.598150033144236,,L1,synthetic_negative,drug_naive,false,
S72-R3-W1,S072,R3,1,36.88625823836537,54.598150033144236,,L1,synthetic_negative,drug_naive,false,
S72-R4-W0,S072,R4,0,51.1491600323526,54.598150033144236,,L1,synthetic_negative,drug_naive,false,
S72-R4-W1,S072,R4,1,51.240874240715996,54.598150033144236,,L1,synthetic_negative,drug_naive,false,
S72-R5-W0,S072,R5,0,45.98368557346002,54.598150033144236,,L1,synthetic_negative,drug_naive,false,
S72-R5-W1,S072,R5,1,46.91451610851557,54.598150033144236,,L1,synthetic_negative,drug_naive,false,
S73-R0-W0,S073,R0,0,50.780595965190585,54.598150033144236,,L1,synthetic_negative,drug_naive,false,
S73-R0-W1,S073,R0,1,51.013338619989916,54.598150033144236,,L1,synthetic_negative,drug_naive,false,
S73-R1-W0,S073,R1,0,43.07542795223526,54.598150033144236,,L1,synthetic_negative,drug_naive,false,
S73-R1-W1,S073,R1,1,42.987994676140765,54.598150033144236,,L1,synthetic_negative,drug_naive,false,
S73-R2-W0,S073,R2,0,49.770378458928676,54.598150033144236,,L1,synthetic_negative,drug_naive,false,
S73-R2-W1,S073,R2,1,50.253316440174345,54.598150033144236,,L1,synthetic_negative,drug_naive,false,
S73-R3-W0,S073,R3,0,45.84569486744117,54.598150033144236,,L1,synthetic_negative,drug_naive,false,
S73-R3-W1,S073,R3,1,46.123563593568534,54.598150033144236,,L1,synthetic_negative,drug_naive,false,
S73-R4-W0,S073,R4,0,50.27452004430074,54.598150033144236,,L1,synthetic_negative,drug_naive,false,
S73-R4-W1,S073,R4,1,51.22099623871489,54.598150033144236,,L1,synthetic_negative,drug_naive,false,
S73-R5-W0,S073,R5,0,59.96041470217137,54.598150033144236,,L1,synthetic_negative,drug_naive,false,
S73-R5-W1,S073,R5,1,59.307196994447736,54.598150033144236,,L1,synthetic_negative,drug_naive,false,
S74-R0-W0,S074,R0,0,49.86213757234318,54.598150033144236,,L1,synthetic_negative,drug_naive,false,
S74-R0-W1,S074,R0,1,50.92851967776054,54.598150033144236,,L1,synthetic_negative,drug_naive,false,
S74-R1-W0,S074,R1,0,48.09241242288668,54.598150033144236,,L1,synthetic_negative,drug_naive,false,
S74-R1-W1,S074,R1,1,49.283338115844664,54.598150033144236,,L1,synthetic_negative,drug_naive,false,
S74-R2-W0,S074,R2,0,45.87431339397368,54.598150033144236,,L1,synthetic_negative,drug_naive,false,
S74-R2-W1,S074,R2,1,45.55090504507653,54.598150033144236,,L1,synthetic_negative,drug_naive,false,
S74-R3-W0,S074,R3,0,51.700561010825574,54.598150033144236,,L1,synthetic_negative,drug_naive,false,
S74-R3-W1,S074,R3,1,52.72977885419727,54.598150033144236,,L1,synthetic_negative,drug_naive,false,
S74-R4-W0,S074,R4,0,56.5971053404703,54.598150033144236,,L1,synthetic_negative,drug_naive,false,
S74-R4-W1,S074,R4,1,58.15232865811164,54.598150033144236,,L1,synthetic_negative,drug_naive,false,
S74-R5-W0,S074,R5,0,46.15814422456634,54.598150033144236,,L1,synthetic_negative,drug_naive,false,
S74-R5-W1,S074,R5,1,45.94924912935825,54.598150033144236,,L1,synthetic_negative,drug_naive,false,
S75-R0-W0,S075,R0,0,53.30480115866518,54.598150033144236,,L1,synthetic_negative,drug_naive,false,
S75-R0-W1,S075,R0,1,54.24886471665959,54.598150033144236,,L1,synthetic_negative,drug_naive,false,
S75-R1-W0,S075,R1,0,53.099586062953534,54.598150033144236,,L1,synthetic_negative,drug_naive,false,
S75-R1-W1,S075,R1,1,54.29329274540419,54.598150033144236,,L1,synthetic_negative,drug_naive,false,
S75-R2-W0,S075,R2,0,50.679424461075435,54.598150033144236,,L1,synthetic_negative,drug_naive,false,
S75-R2-W1,S075,R2,1,49.36459119226065,54.598150033144236,,L1,synthetic_negative,drug_naive,false,
S75-R3-W0,S075,R3,0,50.52405341917211,54.598150033144236,,L1,synthetic_negative,drug_naive,false,
S75-R3-W1,S075,R3,1,52.13187529167126,54.598150033144236,,L1,synthetic_negative,drug_naive,false,
S75-R4-W0,S075,R4,0,41.247957317420415,54.598150033144236,,L1,synthetic_negative,drug_naive,false,
S75-R4-W1,S075,R4,1,41.62299080654325,54.598150033144236,,L1,synthetic_negative,drug_naive,false,
S75-R5-W0,S075,R5,0,47.092972589706356,54.598150033144236,,L1,synthetic_negative,drug_naive,false,
S75-R5-W1,S075,R5,1,46.11033283154624,54.598150033144236,,L1,synthetic_negative,drug_naive,false,
S76-R0-W0,S076,R0,0,48.47059985937543,54.598150033144236,,L1,synthetic_negative,drug_naive,false,
S76-R0-W1,S076,R0,1,47.820105958414416,54.598150033144236,,L1,synthetic_negative,drug_naive,false,
S76-R1-W0,S076,R1,0,49.42751790549118,54.598150033144236,,L1,synthetic_negative,drug_naive,false,
S76-R1-W1,S076,R1,1,49.32588628665406,54.598150033144236,,L1,synthetic_negative,drug_naive,false,
S76-R2-W0,S076,R2,0,52.66126183819036,54.598150033144236,,L1,synthetic_negative,drug_naive,false,
S76-R2-W1,S076,R2,1,52.82623994743095,54.598150033144236,,L1,synthetic_negative,drug_naive,false,
S76-R3-W0,S076,R3,0,52.9284494005763,54.598150033144236,,L1,synthetic_negative,drug_naive,false,
S76-R3-W1,S076,R3,1,53.52886488505831,54.598150033144236,,L1,synthetic_negative,drug_naive,false,
S76-R4-W0,S076,R4,0,45.78596713804678,54.598150033144236,,L1,synthetic_negative,drug_naive,false,
S76-R4-W1,S076,R4,1,45.95194524730959,54.598150033144236,,L1,synthetic_negative,drug_naive,false,
S76-R5-W0,S076,R5,0,54.51333116691396,54.598150033144236,,L1,synthetic_negative,drug_naive,false,
S76-R5-W1,S076,R5,1,55.9431936147559,54.598150033144236,,L1,synthetic_negative,drug_naive,false,
S77-R0-W0,S077,R0,0,54.07151014220577,54.598150033144236,,L1,synthetic_negative,drug_naive,false,
S77-R0-W1,S077,R0,1,53.87265403477715,54.598150033144236,,L1,synthetic_negative,drug_naive,false,
S77-R1-W0,S077,R1,0,47.171894730356996,54.598150033144236,,L1,synthetic_negative,drug_naive,false,
S77-R1-W1,S077,R1,1,47.53712624367547,54.598150033144236,,L1,synthetic_negative,drug_naive,false,
S77-R2-W0,S077,R2,0,56.33938720253158,54.598150033144236,,L1,synthetic_negative,drug_naive,false,
S77-R2-W1,S077,R2,1,57.16669843923347,54.598150033144236,,L1,synthetic_negative,drug_naive,false,
S77-R3-W0,S077,R3,0,53.230059380499725,54.598150033144236,,L1,synthetic_negative,drug_naive,false,
S77-R3-W1,S077,R3,1,53.269028853822874,54.598150033144236,,L1,synthetic_negative,drug_naive,false,
S77-R4-W0,S077,R4,0,49.13464595680358,54.598150033144236,,L1,synthetic_negative,drug_naive,false,
S77-R4-W1,S077,R4,1,48.39447046706677,54.598150033144236,,L1,synthetic_negative,drug_naive,false,
S77-R5-W0,S077,R5,0,56.132160786121055,54.598150033144236,,L1,synthetic_negative,drug_naive,false,
S77-R5-W1,S077,R5,1,57.2559765017628,54.598150033144236,,L1,synthetic_negative,drug_naive,false,
S78-R0-W0,S078,R0,0,57.99165010645559,54.598150033144236,,L1,synthetic_negative,drug_naive,false,
S78-R0-W1,S078,R0,1,62.646189139460816,54.598150033144236,,L1,synthetic_negative,drug_naive,false,
S78-R1-W0,S078,R1,0,60.34908806990103,54.598150033144236,,L1,synthetic_negative,drug_naive,false,
S78-R1-W1,S078,R1,1,59.11905343316995,54.598150033144236,,L1,synthetic_negative,drug_naive,false,
S78-R2-W0,S078,R2,0,52.31367024327614,54.598150033144236,,L1,synthetic_negative,drug_naive,false,
S78-R2-W1,S078,R2,1,53.345207258605356,54.598150033144236,,L1,synthetic_negative,drug_naive,false,
S78-R3-W0,S078,R3,0,56.498610692638906,54.598150033144236,,L1,synthetic_negative,drug_naive,false,
S78-R3-W1,S078,R3,1,54.92147494925555,54.598150033144236,,L1,synthetic_negative,drug_naive,false,
S78-R4-W0,S078,R4,0,54.95359738722632,54.598150033144236,,L1,synthetic_negative,drug_naive,false,
S78-R4-W1,S078,R4,1,54.88824235990468,54.598150033144236,,L1,synthetic_negative,drug_naive,false,
S78-R5-W0,S078,R5,0,53.3287250197856,54.598150033144236,,L1,synthetic_negative,drug_naive,false,
S78-R5-W1,S078,R5,1,55.976869888001445,54.598150033144236,,L1,synthetic_negative,drug_naive,false,
S79-R0-W0,S079,R0,0,60.40878507174291,54.598150033144236,,L1,synthetic_negative,drug_naive,false,
S79-R0-W1,S079,R0,1,60.81856632959583,54.598150033144236,,L1,synthetic_negative,drug_naive,false,
S79-R1-W0,S079,R1,0,55.05414807621414,54.598150033144236,,L1,synthetic_negative,drug_naive,false,
S79-R1-W1,S079,R1,1,55.82378271422347,54.598150033144236,,L1,synthetic_negative,drug_naive,false,
S79-R2-W0,S079,R2,0,51.31690019819453,54.598150033144236,,L1,synthetic_negative,drug_naive,false,
S79-R2-W1,S079,R2,1,51.58696086191883,54.598150033144236,,L1,synthetic_negative,drug_naive,false,
S79-R3-W0,S079,R3,0,42.30971046844365,54.598150033144236,,L1,synthetic_negative,drug_naive,false,
S79-R3-W1,S079,R3,1,40.89279725742562,54.598150033144236,,L1,synthetic_negative,drug_naive,false,
S79-R4-W0,S079,R4,0,54.61589450255432,54.598150033144236,,L1,synthetic_negative,drug_naive,false,
S79-R4-W1,S079,R4,1,54.49836791299761,54.598150033144236,,L1,synthetic_negative,drug_naive,false,
S79-R5-W0,S079,R5,0,52.43757251959346,54.598150033144236,,L1,synthetic_negative,drug_naive,false,
S79-R5-W1,S079,R5,1,51.97109425988142,54.598150033144236,,L1,synthetic_negative,drug_naive,false,
