plate_id,role,sample_id,concentration,response,dilution_factor
P1,standard,STD0,0,0.0619,
P1,standard,STD0,0,0.0542,
P1,standard,STD125,125,0.2103,
P1,standard,STD125,125,0.2016,
P1,standard,STD250,250,0.3595,
P1,standard,STD250,250,0.3533,
P1,standard,STD500,500,0.6009,
P1,standard,STD500,500,0.6155,
P1,standard,STD750,750,0.8808,
P1,standard,STD750,750,0.8456,
P1,standard,STD1000,1000,1.0809,
P1,standard,STD1000,1000,1.0890,
P1,standard,STD1500,1500,1.4826,
P1,standard,STD1500,1500,1.4905,
P1,standard,STD2000,2000,1.7916,
P1,standard,STD2000,2000,1.8213,
P1,unknown,P1-lysate1,,0.5349,4
P1,unknown,P1-lysate1,,0.5239,4
P1,unknown,P1-lysate1,,0.5286,4
P1,unknown,P1-lysate2,,1.1795,4
P1,unknown,P1-lysate2,,1.1712,4
P1,unknown,P1-lysate2,,1.1618,4
P1,unknown,P1-lysate3,,1.9689,1
P1,unknown,P1-lysate3,,1.9828,1
P1,unknown,P1-lysate3,,1.9780,1
P2,standard,STD0,0,0.0644,
P2,standard,STD0,0,0.0605,
P2,standard,STD125,125,0.2267,
P2,standard,STD125,125,0.2050,
P2,standard,STD250,250,0.3396,
P2,standard,STD250,250,0.3625,
P2,standard,STD500,500,0.6305,
P2,standard,STD500,500,0.6098,
P2,standard,STD750,750,0.8893,
P2,standard,STD750,750,0.8896,
P2,standard,STD1000,1000,1.0788,
P2,standard,STD1000,1000,1.1051,
P2,standard,STD1500,1500,1.5970,
P2,standard,STD1500,1500,1.6027,
P2,standard,STD2000,2000,1.8122,
P2,standard,STD2000,2000,1.7844,
P2,unknown,P2-lysate1,,0.5484,4
P2,unknown,P2-lysate1,,0.5093,4
P2,unknown,P2-lysate1,,0.5370,4
P2,unknown,P2-lysate2,,1.1819,4
P2,unknown,P2-lysate2,,1.1683,4
P2,unknown,P2-lysate2,,1.1719,4
P2,unknown,P2-lysate3,,1.9786,1
P2,unknown,P2-lysate3,,1.9892,1
P2,unknown,P2-lysate3,,1.9722,1
