observation_id,sample_id,experiment_id,curve_id,concentration,concentration_unit,response,response_unit
r0000,S1,E1,S1-E1,0.001,nM,4.4812,%
r0001,S1,E1,S1-E1,0.00345511,nM,2.9514,%
r0002,S1,E1,S1-E1,0.0119378,nM,7.9065,%
r0003,S1,E1,S1-E1,0.0412463,nM,13.4642,%
r0004,S1,E1,S1-E1,0.14251,nM,23.8524,%
r0005,S1,E1,S1-E1,0.492388,nM,48.7466,%
r0006,S1,E1,S1-E1,1.70125,nM,73.5796,%
r0007,S1,E1,S1-E1,5.87802,nM,88.5599,%
r0008,S1,E1,S1-E1,20.3092,nM,86.7224,%
r0009,S1,E1,S1-E1,70.1704,nM,90.0013,%
r0010,S1,E1,S1-E1,242.446,nM,84.8299,%
r0011,S1,E1,S1-E1,837.678,nM,51.3044,%
r0012,S1,E1,S1-E1,2894.27,nM,24.0659,%
r0013,S1,E1,S1-E1,10000,nM,14.9609,%
r0014,S1,E1,S1-E1,0.001,nM,-0.9235,%
r0015,S1,E1,S1-E1,0.00345511,nM,5.2898,%
r0016,S1,E1,S1-E1,0.0119378,nM,4.3553,%
r0017,S1,E1,S1-E1,0.0412463,nM,11.9900,%
r0018,S1,E1,S1-E1,0.14251,nM,20.0925,%
r0019,S1,E1,S1-E1,0.492388,nM,46.4921,%
r0020,S1,E1,S1-E1,1.70125,nM,73.6169,%
r0021,S1,E1,S1-E1,5.87802,nM,83.2587,%
r0022,S1,E1,S1-E1,20.3092,nM,92.0053,%
r0023,S1,E1,S1-E1,70.1704,nM,89.0847,%
r0024,S1,E1,S1-E1,242.446,nM,83.6385,%
r0025,S1,E1,S1-E1,837.678,nM,55.0982,%
r0026,S1,E1,S1-E1,2894.27,nM,20.4297,%
r0027,S1,E1,S1-E1,10000,nM,15.0500,%
r0028,S1,E2,S1-E2,0.001,nM,1.3445,%
r0029,S1,E2,S1-E2,0.00345511,nM,4.3325,%
r0030,S1,E2,S1-E2,0.0119378,nM,2.2346,%
r0031,S1,E2,S1-E2,0.0412463,nM,10.9622,%
r0032,S1,E2,S1-E2,0.14251,nM,19.5338,%
r0033,S1,E2,S1-E2,0.492388,nM,45.3839,%
r0034,S1,E2,S1-E2,1.70125,nM,74.2414,%
r0035,S1,E2,S1-E2,5.87802,nM,87.9720,%
r0036,S1,E2,S1-E2,20.3092,nM,90.5892,%
r0037,S1,E2,S1-E2,70.1704,nM,92.6617,%
r0038,S1,E2,S1-E2,242.446,nM,79.7765,%
r0039,S1,E2,S1-E2,837.678,nM,54.0078,%
r0040,S1,E2,S1-E2,2894.27,nM,24.0516,%
r0041,S1,E2,S1-E2,10000,nM,13.2993,%
r0042,S1,E2,S1-E2,0.001,nM,3.3472,%
r0043,S1,E2,S1-E2,0.00345511,nM,-0.9039,%
r0044,S1,E2,S1-E2,0.0119378,nM,0.2009,%
r0045,S1,E2,S1-E2,0.0412463,nM,4.3700,%
r0046,S1,E2,S1-E2,0.14251,nM,23.0300,%
r0047,S1,E2,S1-E2,0.492388,nM,42.4786,%
r0048,S1,E2,S1-E2,1.70125,nM,75.1108,%
r0049,S1,E2,S1-E2,5.87802,nM,87.6881,%
r0050,S1,E2,S1-E2,20.3092,nM,92.5363,%
r0051,S1,E2,S1-E2,70.1704,nM,93.7681,%
r0052,S1,E2,S1-E2,242.446,nM,77.5696,%
r0053,S1,E2,S1-E2,837.678,nM,58.7824,%
r0054,S1,E2,S1-E2,2894.27,nM,23.2364,%
r0055,S1,E2,S1-E2,10000,nM,12.7338,%
r0056,S1,E3,S1-E3,0.001,nM,4.7452,%
r0057,S1,E3,S1-E3,0.00345511,nM,2.9428,%
r0058,S1,E3,S1-E3,0.0119378,nM,6.7133,%
r0059,S1,E3,S1-E3,0.0412463,nM,3.0950,%
r0060,S1,E3,S1-E3,0.14251,nM,19.8216,%
r0061,S1,E3,S1-E3,0.492388,nM,45.9650,%
r0062,S1,E3,S1-E3,1.70125,nM,71.2303,%
r0063,S1,E3,S1-E3,5.87802,nM,87.3437,%
r0064,S1,E3,S1-E3,20.3092,nM,89.0489,%
r0065,S1,E3,S1-E3,70.1704,nM,91.8173,%
r0066,S1,E3,S1-E3,242.446,nM,83.0553,%
r0067,S1,E3,S1-E3,837.678,nM,46.4255,%
r0068,S1,E3,S1-E3,2894.27,nM,21.2834,%
r0069,S1,E3,S1-E3,10000,nM,10.0431,%
r0070,S1,E3,S1-E3,0.001,nM,-0.8900,%
r0071,S1,E3,S1-E3,0.00345511,nM,1.8634,%
r0072,S1,E3,S1-E3,0.0119378,nM,1.7301,%
r0073,S1,E3,S1-E3,0.0412463,nM,11.9157,%
r0074,S1,E3,S1-E3,0.14251,nM,20.3553,%
r0075,S1,E3,S1-E3,0.492388,nM,41.0385,%
r0076,S1,E3,S1-E3,1.70125,nM,72.1911,%
r0077,S1,E3,S1-E3,5.87802,nM,89.7134,%
r0078,S1,E3,S1-E3,20.3092,nM,92.9190,%
r0079,S1,E3,S1-E3,70.1704,nM,92.5486,%
r0080,S1,E3,S1-E3,242.446,nM,78.7440,%
r0081,S1,E3,S1-E3,837.678,nM,55.7910,%
r0082,S1,E3,S1-E3,2894.27,nM,22.9812,%
r0083,S1,E3,S1-E3,10000,nM,12.6611,%
