sample_id,experiment_id,curve_id,x,y
mAb-X,E1,mAb-X-E1-r1,0,98.41
mAb-X,E1,mAb-X-E1-r1,1,90.05
mAb-X,E1,mAb-X-E1-r1,2,84.52
mAb-X,E1,mAb-X-E1-r1,4,73.32
mAb-X,E1,mAb-X-E1-r1,7,62.46
mAb-X,E1,mAb-X-E1-r1,10,50.53
mAb-X,E1,mAb-X-E1-r1,14,40.36
mAb-X,E1,mAb-X-E1-r1,21,27.87
mAb-X,E1,mAb-X-E1-r1,28,19.15
mAb-X,E1,mAb-X-E1-r2,0,97.51
mAb-X,E1,mAb-X-E1-r2,1,91.59
mAb-X,E1,mAb-X-E1-r2,2,86.77
mAb-X,E1,mAb-X-E1-r2,4,77.66
mAb-X,E1,mAb-X-E1-r2,7,59.48
mAb-X,E1,mAb-X-E1-r2,10,51.66
mAb-X,E1,mAb-X-E1-r2,14,40.59
mAb-X,E1,mAb-X-E1-r2,21,26.50
mAb-X,E1,mAb-X-E1-r2,28,21.71
mAb-X,E2,mAb-X-E2-r1,0,96.03
mAb-X,E2,mAb-X-E2-r1,1,94.46
mAb-X,E2,mAb-X-E2-r1,2,82.09
mAb-X,E2,mAb-X-E2-r1,4,74.10
mAb-X,E2,mAb-X-E2-r1,7,59.54
mAb-X,E2,mAb-X-E2-r1,10,49.65
mAb-X,E2,mAb-X-E2-r1,14,37.96
mAb-X,E2,mAb-X-E2-r1,21,25.99
mAb-X,E2,mAb-X-E2-r1,28,18.46
mAb-X,E2,mAb-X-E2-r2,0,95.38
mAb-X,E2,mAb-X-E2-r2,1,91.82
mAb-X,E2,mAb-X-E2-r2,2,87.36
mAb-X,E2,mAb-X-E2-r2,4,73.86
mAb-X,E2,mAb-X-E2-r2,7,59.02
mAb-X,E2,mAb-X-E2-r2,10,49.80
mAb-X,E2,mAb-X-E2-r2,14,39.24
mAb-X,E2,mAb-X-E2-r2,21,29.90
mAb-X,E2,mAb-X-E2-r2,28,23.22
mAb-X,E3,mAb-X-E3-r1,0,97.56
mAb-X,E3,mAb-X-E3-r1,1,92.00
mAb-X,E3,mAb-X-E3-r1,2,85.60
mAb-X,E3,mAb-X-E3-r1,4,75.46
mAb-X,E3,mAb-X-E3-r1,7,59.58
mAb-X,E3,mAb-X-E3-r1,10,50.70
mAb-X,E3,mAb-X-E3-r1,14,43.09
mAb-X,E3,mAb-X-E3-r1,21,24.96
mAb-X,E3,mAb-X-E3-r1,28,20.79
mAb-X,E3,mAb-X-E3-r2,0,99.76
mAb-X,E3,mAb-X-E3-r2,1,92.78
mAb-X,E3,mAb-X-E3-r2,2,85.46
mAb-X,E3,mAb-X-E3-r2,4,76.07
mAb-X,E3,mAb-X-E3-r2,7,61.62
mAb-X,E3,mAb-X-E3-r2,10,48.74
mAb-X,E3,mAb-X-E3-r2,14,38.96
mAb-X,E3,mAb-X-E3-r2,21,29.96
mAb-X,E3,mAb-X-E3-r2,28,20.96
