sample_id,experiment_id,curve_id,observation_id,replicate_id,concentration,concentration_unit,response,response_unit
ec50-sample,ec50-E1,ec50-curve,ec50-0-1,well-1,0.0,nM,4.1115712039716,AU
ec50-sample,ec50-E1,ec50-curve,ec50-0-2,well-2,0.0,nM,7.795273473227004,AU
ec50-sample,ec50-E1,ec50-curve,ec50-0-3,well-3,0.0,nM,9.428615997164679,AU
ec50-sample,ec50-E1,ec50-curve,ec50-0.3-1,well-1,0.3,nM,10.565570322992913,AU
ec50-sample,ec50-E1,ec50-curve,ec50-0.3-2,well-2,0.3,nM,9.206081470500017,AU
ec50-sample,ec50-E1,ec50-curve,ec50-0.3-3,well-3,0.3,nM,6.183748792097698,AU
ec50-sample,ec50-E1,ec50-curve,ec50-0.738843-1,well-1,0.7388431077985712,nM,8.406589602810234,AU
ec50-sample,ec50-E1,ec50-curve,ec50-0.738843-2,well-2,0.7388431077985712,nM,9.10981285686412,AU
ec50-sample,ec50-E1,ec50-curve,ec50-0.738843-3,well-3,0.7388431077985712,nM,8.861291739590122,AU
ec50-sample,ec50-E1,ec50-curve,ec50-1.81963-1,well-1,1.8196304598048372,nM,11.283554155496601,AU
ec50-sample,ec50-E1,ec50-curve,ec50-1.81963-2,well-2,1.8196304598048372,nM,9.977347098088188,AU
ec50-sample,ec50-E1,ec50-curve,ec50-1.81963-3,well-3,1.8196304598048372,nM,10.28072391344731,AU
ec50-sample,ec50-E1,ec50-curve,ec50-4.4814-1,well-1,4.481404746557163,nM,14.900894549378105,AU
ec50-sample,ec50-E1,ec50-curve,ec50-4.4814-2,well-2,4.481404746557163,nM,19.610245025542483,AU
ec50-sample,ec50-E1,ec50-curve,ec50-4.4814-3,well-3,4.481404746557163,nM,17.318632274892725,AU
ec50-sample,ec50-E1,ec50-curve,ec50-11.0369-1,well-1,11.03685003416521,nM,33.87808832771182,AU
ec50-sample,ec50-E1,ec50-curve,ec50-11.0369-2,well-2,11.03685003416521,nM,33.42775561222833,AU
ec50-sample,ec50-E1,ec50-curve,ec50-11.0369-3,well-3,11.03685003416521,nM,32.6209884562122,AU
ec50-sample,ec50-E1,ec50-curve,ec50-27.1817-1,well-1,27.181668598497975,nM,56.60940966163446,AU
ec50-sample,ec50-E1,ec50-curve,ec50-27.1817-2,well-2,27.181668598497975,nM,57.78051680959135,AU
ec50-sample,ec50-E1,ec50-curve,ec50-27.1817-3,well-3,27.181668598497975,nM,56.81021186407998,AU
ec50-sample,ec50-E1,ec50-curve,ec50-66.9433-1,well-1,66.94329500821692,nM,80.1746442095297,AU
ec50-sample,ec50-E1,ec50-curve,ec50-66.9433-2,well-2,66.94329500821692,nM,80.81445280237654,AU
ec50-sample,ec50-E1,ec50-curve,ec50-66.9433-3,well-3,66.94329500821692,nM,81.98804616135448,AU
ec50-sample,ec50-E1,ec50-curve,ec50-164.869-1,well-1,164.86864043382533,nM,94.7254285409701,AU
ec50-sample,ec50-E1,ec50-curve,ec50-164.869-2,well-2,164.86864043382533,nM,93.63323171409087,AU
ec50-sample,ec50-E1,ec50-curve,ec50-164.869-3,well-3,164.86864043382533,nM,94.51031814228148,AU
ec50-sample,ec50-E1,ec50-curve,ec50-406.04-1,well-1,406.0401955888423,nM,98.93149603155338,AU
ec50-sample,ec50-E1,ec50-curve,ec50-406.04-2,well-2,406.0401955888423,nM,96.4536312100284,AU
ec50-sample,ec50-E1,ec50-curve,ec50-406.04-3,well-3,406.0401955888423,nM,98.58212719487395,AU
ec50-sample,ec50-E1,ec50-curve,ec50-1000-1,well-1,1000.0,nM,97.8570673955236,AU
ec50-sample,ec50-E1,ec50-curve,ec50-1000-2,well-2,1000.0,nM,103.31288244236909,AU
ec50-sample,ec50-E1,ec50-curve,ec50-1000-3,well-3,1000.0,nM,102.83460518613006,AU
